# Blender v2.79 (sub 0) OBJ File: 'm9_knife.blend'
# www.blender.org
mtllib m9_knife.mtl
o M9_Knife_Cube.003
v -0.790941 -0.335625 0.100228
v -0.790941 0.892337 0.100228
v -0.790941 -0.335625 -0.100228
v -0.790941 0.892337 -0.100228
v -0.005010 -0.335625 0.100228
v -0.071150 0.892337 0.100228
v -0.005010 -0.335625 -0.100228
v -0.071150 0.892337 -0.100228
v -0.790941 0.673398 0.100228
v -0.790941 0.673398 -0.100228
v -0.005010 0.673398 -0.100228
v -0.005010 0.673398 0.100228
v 0.019481 -0.325578 0.000000
v 0.019481 0.663351 -0.078861
v 0.019481 0.663351 0.078861
v 3.137975 -0.325578 0.000000
v 3.137975 0.663351 -0.078861
v 3.137975 0.663351 0.078861
v -0.790941 0.009124 -0.100228
v -0.005010 0.009124 -0.100228
v -0.005010 0.009124 0.100228
v -0.790941 0.009124 0.100228
v 0.019481 0.012306 -0.100228
v 0.019481 0.012306 0.100228
v 3.137975 0.012306 -0.100228
v 3.137975 0.012306 0.100228
v -0.790941 -0.296225 -0.100228
v -0.005010 -0.296225 -0.100228
v -0.005010 -0.296225 0.100228
v 0.019481 -0.226563 -0.039185
v 0.019481 -0.226563 0.039185
v 3.137975 -0.226563 -0.039185
v 3.137975 -0.226563 0.039185
v -0.790941 -0.296225 0.100228
v -0.790941 0.629531 0.100228
v -0.790941 0.629531 -0.100228
v -0.005010 0.629531 -0.100228
v -0.005010 0.629531 0.100228
v 0.019481 0.620357 -0.100228
v 0.019481 0.620357 0.100228
v 3.137975 0.620357 -0.100228
v 3.137975 0.620357 0.100228
v 0.331330 -0.325578 0.000000
v 0.643180 -0.325578 0.000000
v 0.955029 -0.325578 0.000000
v 1.266879 -0.325578 0.000000
v 1.578728 -0.325578 0.000000
v 1.890577 -0.325578 0.000000
v 2.202427 -0.325578 0.000000
v 2.514276 -0.325578 0.000000
v 2.826125 -0.325578 0.000000
v 2.826125 0.663351 0.078861
v 2.514276 0.663351 0.078861
v 2.202427 0.663351 0.078861
v 1.890577 0.663351 0.078861
v 1.578728 0.663351 0.078861
v 1.266879 0.663351 0.078861
v 0.955029 0.663351 0.078861
v 0.643180 0.663351 0.078861
v 0.331330 0.663351 0.078861
v 0.331330 0.663351 -0.078861
v 0.643180 0.663351 -0.078861
v 0.955029 0.663351 -0.078861
v 1.266879 0.663351 -0.078861
v 1.578728 0.663351 -0.078861
v 1.890577 0.663351 -0.078861
v 2.202427 0.663351 -0.078861
v 2.514276 0.663351 -0.078861
v 2.826125 0.663351 -0.078861
v 0.331330 0.012306 -0.100228
v 0.643180 0.012306 -0.100228
v 0.955029 0.012306 -0.100228
v 1.266879 0.012306 -0.100228
v 1.578728 0.012306 -0.100228
v 1.890577 0.012306 -0.100228
v 2.202427 0.012306 -0.100228
v 2.514276 0.012306 -0.100228
v 2.826125 0.012306 -0.100228
v 0.331330 0.012306 0.100228
v 0.643180 0.012306 0.100228
v 0.955029 0.012306 0.100228
v 1.266879 0.012306 0.100228
v 1.578728 0.012306 0.100228
v 1.890577 0.012306 0.100228
v 2.202427 0.012306 0.100228
v 2.514276 0.012306 0.100228
v 2.826125 0.012306 0.100228
v 0.331330 -0.226563 -0.039185
v 0.643180 -0.226563 -0.039185
v 0.955029 -0.226563 -0.039185
v 1.266879 -0.226563 -0.039185
v 1.578728 -0.226563 -0.039185
v 1.890577 -0.226563 -0.039185
v 2.202427 -0.226563 -0.039185
v 2.514276 -0.226563 -0.039185
v 2.826125 -0.226563 -0.039185
v 0.331330 -0.226563 0.039185
v 0.643180 -0.226563 0.039185
v 0.955029 -0.226563 0.039185
v 1.266879 -0.226563 0.039185
v 1.578728 -0.226563 0.039185
v 1.890577 -0.226563 0.039185
v 2.202427 -0.226563 0.039185
v 2.514276 -0.226563 0.039185
v 2.826125 -0.226563 0.039185
v 0.331330 0.620357 0.100228
v 0.643180 0.620357 0.100228
v 0.955029 0.620357 0.100228
v 1.266879 0.620357 0.100228
v 1.578728 0.620357 0.100228
v 1.890577 0.620357 0.100228
v 2.202427 0.620357 0.100228
v 2.514276 0.620357 0.100228
v 2.826125 0.620357 0.100228
v 0.331330 0.620357 -0.100228
v 0.643180 0.620357 -0.100228
v 0.955029 0.620357 -0.100228
v 1.266879 0.620357 -0.100228
v 1.578728 0.620357 -0.100228
v 1.890577 0.620357 -0.100228
v 2.202427 0.620357 -0.100228
v 2.514276 0.620357 -0.100228
v 2.826125 0.620357 -0.100228
v 0.362515 -0.325578 0.000000
v 0.362515 0.663351 0.078861
v 0.362515 0.663351 -0.078861
v 0.362515 0.012306 -0.100228
v 0.362515 0.012306 0.100228
v 0.362515 -0.226563 -0.039185
v 0.362515 -0.226563 0.039185
v 0.362515 0.620357 0.100228
v 0.362515 0.620357 -0.100228
v 0.693076 -0.325578 0.000000
v 0.693076 0.663351 0.078861
v 0.693076 0.663351 -0.078861
v 0.693076 0.012306 -0.100228
v 0.693076 0.012306 0.100228
v 0.693076 -0.226563 -0.039185
v 0.693076 -0.226563 0.039185
v 0.693076 0.620357 0.100228
v 0.693076 0.620357 -0.100228
v 0.986214 -0.325578 0.000000
v 0.986214 0.663351 0.078861
v 0.986214 0.663351 -0.078861
v 0.986214 0.012306 -0.100228
v 0.986214 0.012306 0.100228
v 0.986214 -0.226563 -0.039185
v 0.986214 -0.226563 0.039185
v 0.986214 0.620357 0.100228
v 0.986214 0.620357 -0.100228
v 1.310537 -0.325578 0.000000
v 1.310537 0.663351 0.078861
v 1.310537 0.663351 -0.078861
v 1.310537 0.012306 -0.100228
v 1.310537 0.012306 0.100228
v 1.310537 -0.226563 -0.039185
v 1.310537 -0.226563 0.039185
v 1.310537 0.620357 0.100228
v 1.310537 0.620357 -0.100228
v 1.628624 -0.325578 0.000000
v 1.628624 0.663351 0.078861
v 1.628624 0.663351 -0.078861
v 1.628624 0.012306 -0.100228
v 1.628624 0.012306 0.100228
v 1.628624 -0.226563 -0.039185
v 1.628624 -0.226563 0.039185
v 1.628624 0.620357 0.100228
v 1.628624 0.620357 -0.100228
v 1.921762 -0.325578 0.000000
v 1.921762 0.663351 0.078861
v 1.921762 0.663351 -0.078861
v 1.921762 0.012306 -0.100228
v 1.921762 0.012306 0.100228
v 1.921762 -0.226563 -0.039185
v 1.921762 -0.226563 0.039185
v 1.921762 0.620357 0.100228
v 1.921762 0.620357 -0.100228
v 2.246086 -0.325578 0.000000
v 2.246086 0.663351 0.078861
v 2.246086 0.663351 -0.078861
v 2.246086 0.012306 -0.100228
v 2.246086 0.012306 0.100228
v 2.246086 -0.226563 -0.039185
v 2.246086 -0.226563 0.039185
v 2.246086 0.620357 0.100228
v 2.246086 0.620357 -0.100228
v 2.551698 -0.325578 0.000000
v 2.551698 0.663351 0.078861
v 2.551698 0.663351 -0.078861
v 2.551698 0.012306 -0.100228
v 2.551698 0.012306 0.100228
v 2.551698 -0.226563 -0.039185
v 2.551698 -0.226563 0.039185
v 2.551698 0.620357 0.100228
v 2.551698 0.620357 -0.100228
v 2.869784 -0.325578 0.000000
v 2.869784 0.663351 -0.078861
v 2.869784 0.012306 -0.100228
v 2.869784 0.012306 0.100228
v 2.869784 -0.226563 -0.039185
v 2.869784 -0.226563 0.039185
v 2.869784 0.620357 0.100228
v 2.869784 0.620357 -0.100228
v 2.869784 0.663351 0.078861
v -0.006860 0.890142 -0.036247
v -0.006860 0.890142 0.036247
v 3.022434 0.890142 -0.036247
v 3.022434 0.890142 0.036247
v 0.209075 0.890142 0.036247
v 2.836730 0.890142 -0.036247
v 0.209075 0.890142 -0.036247
v 0.331379 0.890142 -0.036247
v 0.525720 0.890142 -0.036247
v 0.659061 0.890142 -0.036247
v 0.840447 0.890142 -0.036247
v 0.955077 0.890142 -0.036247
v 1.149419 0.890142 -0.036247
v 1.277482 0.890142 -0.036247
v 1.463187 0.890142 -0.036247
v 1.594610 0.890142 -0.036247
v 1.775995 0.890142 -0.036247
v 1.890625 0.890142 -0.036247
v 2.084967 0.890142 -0.036247
v 2.213031 0.890142 -0.036247
v 2.398735 0.890142 -0.036247
v 2.519602 0.890142 -0.036247
v 2.709625 0.890142 -0.036247
v 0.525720 0.890142 0.036247
v 0.840447 0.890142 0.036247
v 1.149419 0.890142 0.036247
v 1.463187 0.890142 0.036247
v 1.775995 0.890142 0.036247
v 2.084967 0.890142 0.036247
v 2.398735 0.890142 0.036247
v 2.709625 0.890142 0.036247
v 0.331379 0.890142 0.036247
v 0.659062 0.890142 0.036247
v 0.955077 0.890142 0.036247
v 1.277482 0.890142 0.036247
v 1.594610 0.890142 0.036247
v 1.890625 0.890142 0.036247
v 2.213031 0.890142 0.036247
v 2.519602 0.890142 0.036247
v 2.836730 0.890142 0.036247
v 3.213339 -0.325578 0.000000
v 3.213339 0.733691 -0.078861
v 3.213339 0.733691 0.078861
v 3.213339 0.012306 -0.100228
v 3.213339 0.012306 0.100228
v 3.213339 -0.226563 -0.039185
v 3.213339 -0.226563 0.039185
v 3.213339 0.658391 -0.100228
v 3.213339 0.658391 0.100228
v 3.253533 -0.325578 0.000000
v 3.253533 0.816139 -0.100228
v 3.253533 0.816139 0.100228
v 3.253533 0.012306 -0.100228
v 3.253533 0.012306 0.100228
v 3.253533 -0.226563 -0.039185
v 3.253533 -0.226563 0.039185
v 4.037323 -0.325578 0.000000
v 4.037323 0.810060 -0.121596
v 4.037323 0.810060 0.078861
v 4.037323 0.012306 -0.100228
v 4.037323 0.012306 0.100228
v 4.037323 -0.226563 -0.039185
v 4.037323 -0.226563 0.039185
v 4.584971 -0.289403 0.000000
v 4.584971 0.683448 -0.121596
v 4.584971 0.683448 0.078861
v 4.584971 0.048481 -0.100228
v 4.584971 0.048481 0.100228
v 4.584971 -0.190388 -0.039185
v 4.584971 -0.190388 0.039185
v 4.861307 -0.237150 0.000000
v 4.861307 0.617127 -0.121596
v 4.861307 0.617127 0.078861
v 4.861307 0.100734 -0.100228
v 4.861307 0.100734 0.100228
v 4.861307 -0.138135 -0.039185
v 4.861307 -0.138135 0.039185
v 5.338615 -0.097475 0.000000
v 5.338615 0.511617 -0.121596
v 5.338615 0.511617 0.078861
v 5.338615 0.240409 -0.100228
v 5.338615 0.240409 0.100228
v 5.338615 0.001540 -0.039185
v 5.338615 0.001540 0.039185
v 5.755631 0.078376 -0.001980
v 5.755631 0.431228 -0.074748
v 5.755631 0.431228 0.045214
v 5.755631 0.177391 -0.025430
v 5.755631 0.177391 0.021470
v 6.123870 0.315932 -0.001980
v 6.043369 0.354717 -0.025430
v 6.043369 0.354717 0.021470
v -1.637192 0.273738 -0.371138
v -4.537775 0.273738 -0.371139
v -1.637192 0.517664 -0.321415
v -4.537775 0.517664 -0.321415
v -1.637192 0.696230 -0.185569
v -4.537775 0.696230 -0.185569
v -1.637192 0.761590 0.000000
v -4.537775 0.761590 0.000000
v -1.637192 0.696230 0.185570
v -4.537775 0.696230 0.185569
v -1.637192 0.517664 0.321416
v -4.537775 0.517664 0.321416
v -1.637192 0.273738 0.371139
v -4.537775 0.273738 0.371139
v -1.637192 0.029812 0.321416
v -4.537775 0.029812 0.321416
v -1.637192 -0.148754 0.185570
v -4.537775 -0.148754 0.185569
v -1.637192 -0.214114 0.000000
v -4.537775 -0.214114 0.000000
v -1.637192 -0.148754 -0.185569
v -4.537775 -0.148754 -0.185569
v -1.637192 0.029812 -0.321415
v -4.537775 0.029812 -0.321415
v -1.591932 0.273738 -0.408478
v -1.591932 0.542205 -0.353752
v -1.591932 0.738736 -0.204239
v -1.591932 0.810671 0.000000
v -1.591932 0.738736 0.204239
v -1.591932 0.542205 0.353753
v -1.591932 0.273738 0.408478
v -1.591932 0.005271 0.353753
v -1.591932 -0.191260 0.204239
v -1.591932 -0.263195 0.000000
v -1.591932 -0.191260 -0.204239
v -1.591932 0.005271 -0.353752
v -0.922070 0.273738 -0.408478
v -0.922070 0.542205 -0.353752
v -0.922070 0.738736 -0.204239
v -0.922070 0.810671 0.000000
v -0.922070 0.738736 0.204239
v -0.922070 0.542205 0.353753
v -0.922070 0.273738 0.408478
v -0.922070 0.005271 0.353753
v -0.922070 -0.191260 0.204239
v -0.922070 -0.263195 0.000000
v -0.922070 -0.191260 -0.204239
v -0.922070 0.005271 -0.353752
v -4.682359 0.273738 -0.416321
v -4.682359 0.578016 -0.360544
v -4.682359 0.800762 -0.208160
v -4.682359 0.882293 0.000000
v -4.682359 0.800762 0.208161
v -4.682359 0.578015 0.360545
v -4.682359 0.273738 0.416321
v -4.682359 -0.030539 0.360545
v -4.682359 -0.253286 0.208161
v -4.682359 -0.334817 0.000000
v -4.682359 -0.253286 -0.208160
v -4.682359 -0.030540 -0.360544
v -5.751019 0.273738 -0.416321
v -5.751019 0.578016 -0.360544
v -5.751019 0.800762 -0.208160
v -5.751019 0.882293 0.000000
v -5.751019 0.800762 0.208160
v -5.751019 0.578015 0.360544
v -5.751019 0.273738 0.416321
v -5.751019 -0.030539 0.360544
v -5.751019 -0.253286 0.208160
v -5.751019 -0.334817 0.000000
v -5.751019 -0.253286 -0.208160
v -5.751019 -0.030540 -0.360544
v -5.904651 -0.454832 0.046698
v -5.904651 0.091581 0.462388
v -5.904651 -0.381627 0.254543
v -5.904651 -0.181626 0.406696
v -5.904651 0.374812 0.462388
v -5.904651 0.921225 0.046698
v -5.904651 0.648018 0.406696
v -5.904651 0.848019 0.254543
v -5.904651 0.091581 -0.462388
v -5.904651 -0.454832 -0.046698
v -5.904651 -0.181626 -0.406696
v -5.904651 -0.381627 -0.254543
v -5.904651 0.921225 -0.046698
v -5.904651 0.374812 -0.462388
v -5.904651 0.848019 -0.254543
v -5.904651 0.648018 -0.406696
v -5.723603 0.091581 0.462388
v -5.723603 -0.454832 0.046698
v -5.723603 -0.181626 0.406696
v -5.723603 -0.381627 0.254543
v -5.723603 0.921225 0.046698
v -5.723603 0.374812 0.462388
v -5.723603 0.848019 0.254543
v -5.723603 0.648018 0.406696
v -5.723603 -0.454832 -0.046698
v -5.723603 0.091581 -0.462388
v -5.723603 -0.381627 -0.254543
v -5.723603 -0.181626 -0.406696
v -5.723603 0.374812 -0.462388
v -5.723603 0.921225 -0.046698
v -5.723603 0.648018 -0.406696
v -5.723603 0.848019 -0.254543
v -2.411319 0.273738 -0.408252
v -3.136465 0.273738 -0.371138
v -3.861611 0.273738 -0.408252
v -3.861611 0.542057 -0.353557
v -3.136465 0.517664 -0.321415
v -2.411319 0.542057 -0.353557
v -3.861611 0.738479 -0.204126
v -3.136465 0.696230 -0.185569
v -2.411319 0.738479 -0.204126
v -3.861611 0.810375 0.000000
v -3.136465 0.761590 0.000000
v -2.411319 0.810375 0.000000
v -3.861611 0.738479 0.204126
v -3.136465 0.696230 0.185570
v -2.411319 0.738479 0.204126
v -3.861611 0.542056 0.353557
v -3.136465 0.517664 0.321416
v -2.411319 0.542056 0.353557
v -3.861611 0.273738 0.408253
v -3.136465 0.273738 0.371139
v -2.411319 0.273738 0.408253
v -3.861611 0.005420 0.353557
v -3.136465 0.029812 0.321416
v -2.411319 0.005420 0.353557
v -3.861611 -0.191003 0.204126
v -3.136465 -0.148754 0.185570
v -2.411319 -0.191003 0.204126
v -3.861611 -0.262899 0.000000
v -3.136465 -0.214114 0.000000
v -2.411319 -0.262899 0.000000
v -3.861611 -0.191003 -0.204126
v -3.136465 -0.148754 -0.185569
v -2.411319 -0.191003 -0.204126
v -3.861611 0.005419 -0.353557
v -3.136465 0.029812 -0.321415
v -2.411319 0.005419 -0.353557
v -3.190732 0.273738 -0.408252
v -3.807341 0.273738 -0.371139
v -3.807341 0.517664 -0.321415
v -3.190732 0.542057 -0.353557
v -3.807341 0.696230 -0.185569
v -3.190732 0.738479 -0.204126
v -3.807341 0.761590 0.000000
v -3.190732 0.810375 0.000000
v -3.807341 0.696230 0.185569
v -3.190732 0.738479 0.204126
v -3.807341 0.517664 0.321416
v -3.190732 0.542056 0.353557
v -3.807341 0.273738 0.371139
v -3.190732 0.273738 0.408253
v -3.807341 0.029812 0.321416
v -3.190732 0.005420 0.353557
v -3.807341 -0.148754 0.185569
v -3.190732 -0.191003 0.204126
v -3.807341 -0.214114 0.000000
v -3.190732 -0.262899 0.000000
v -3.807341 -0.148754 -0.185569
v -3.190732 -0.191003 -0.204126
v -3.807341 0.029812 -0.321415
v -3.190732 0.005419 -0.353557
v -4.472512 0.273738 -0.371139
v -4.472512 0.517664 -0.321415
v -4.472512 0.696230 -0.185569
v -4.472512 0.761590 0.000000
v -4.472512 0.696230 0.185569
v -4.472512 0.517664 0.321416
v -4.472512 0.273738 0.371139
v -4.472512 0.029812 0.321416
v -4.472512 -0.148754 0.185569
v -4.472512 -0.214114 0.000000
v -4.472512 -0.148754 -0.185569
v -4.472512 0.029812 -0.321415
v -4.421053 0.542057 -0.353557
v -4.421053 0.738479 -0.204126
v -4.421053 0.810375 0.000000
v -4.421053 0.738479 0.204126
v -4.421053 0.542056 0.353557
v -4.421053 0.273738 0.408253
v -4.421053 0.005420 0.353557
v -4.421053 -0.191003 0.204126
v -4.421053 -0.262899 0.000000
v -4.421053 -0.191003 -0.204126
v -4.421053 0.005419 -0.353557
v -4.421053 0.273738 -0.408252
v -3.749308 0.273738 -0.371139
v -3.749308 0.517664 -0.321415
v -3.749308 0.696230 -0.185569
v -3.749308 0.761590 0.000000
v -3.749308 0.696230 0.185569
v -3.749308 0.517664 0.321416
v -3.749308 0.273738 0.371139
v -3.749308 0.029812 0.321416
v -3.749308 -0.148754 0.185569
v -3.749308 -0.214114 0.000000
v -3.749308 -0.148754 -0.185569
v -3.749308 0.029812 -0.321415
v -3.691274 0.542057 -0.353557
v -3.691274 0.738479 -0.204126
v -3.691274 0.810375 0.000000
v -3.691274 0.738479 0.204126
v -3.691274 0.542056 0.353557
v -3.691274 0.273738 0.408253
v -3.691274 0.005420 0.353557
v -3.691274 -0.191003 0.204126
v -3.691274 -0.262899 0.000000
v -3.691274 -0.191003 -0.204126
v -3.691274 0.005419 -0.353557
v -3.691274 0.273738 -0.408252
v -3.071038 0.273738 -0.371138
v -3.071038 0.517664 -0.321415
v -3.071038 0.696230 -0.185569
v -3.071038 0.761590 0.000000
v -3.071038 0.696230 0.185570
v -3.071038 0.517664 0.321416
v -3.071038 0.273738 0.371139
v -3.071038 0.029812 0.321416
v -3.071038 -0.148754 0.185570
v -3.071038 -0.214114 0.000000
v -3.071038 -0.148754 -0.185569
v -3.071038 0.029812 -0.321415
v -3.005612 0.542057 -0.353557
v -3.005612 0.738479 -0.204126
v -3.005612 0.810375 0.000000
v -3.005612 0.738479 0.204126
v -3.005612 0.542057 0.353557
v -3.005612 0.273738 0.408253
v -3.005612 0.005420 0.353557
v -3.005612 -0.191003 0.204126
v -3.005612 -0.262899 0.000000
v -3.005612 -0.191003 -0.204126
v -3.005612 0.005419 -0.353557
v -3.005612 0.273738 -0.408252
v -2.352524 0.517664 -0.321415
v -2.352524 0.696230 -0.185569
v -2.352524 0.761590 0.000000
v -2.352524 0.696230 0.185570
v -2.352524 0.517664 0.321416
v -2.352524 0.273738 0.371139
v -2.352524 0.029812 0.321416
v -2.352524 -0.148754 0.185570
v -2.352524 -0.214114 0.000000
v -2.352524 -0.148754 -0.185569
v -2.352524 0.029812 -0.321415
v -2.352524 0.273738 -0.371138
v -2.295428 0.517664 -0.321415
v -1.694288 0.517664 -0.321415
v -2.295428 0.696230 -0.185569
v -1.694288 0.696230 -0.185569
v -2.295428 0.761590 0.000000
v -1.694288 0.761590 0.000000
v -2.295428 0.696230 0.185570
v -1.694288 0.696230 0.185570
v -2.295428 0.517664 0.321416
v -1.694288 0.517664 0.321416
v -2.295428 0.273738 0.371139
v -1.694288 0.273738 0.371139
v -2.295428 0.029812 0.321416
v -1.694288 0.029812 0.321416
v -2.295428 -0.148754 0.185570
v -1.694288 -0.148754 0.185570
v -2.295428 -0.214114 0.000000
v -1.694288 -0.214114 0.000000
v -2.295428 -0.148754 -0.185569
v -1.694288 -0.148754 -0.185569
v -2.295428 0.029812 -0.321415
v -1.694288 0.029812 -0.321415
v -1.694288 0.273738 -0.371138
v -2.295428 0.273738 -0.371138
v -2.238747 0.542057 -0.353557
v -1.750968 0.542057 -0.353557
v -2.238747 0.738479 -0.204126
v -1.750968 0.738479 -0.204126
v -2.238747 0.810375 0.000000
v -1.750968 0.810375 0.000000
v -2.238747 0.738479 0.204127
v -1.750968 0.738479 0.204127
v -2.238747 0.542056 0.353557
v -1.750968 0.542056 0.353557
v -2.238747 0.273738 0.408253
v -1.750968 0.273738 0.408253
v -2.238747 0.005420 0.353557
v -1.750968 0.005420 0.353557
v -2.238747 -0.191003 0.204127
v -1.750968 -0.191003 0.204127
v -2.238747 -0.262899 0.000000
v -1.750968 -0.262899 0.000000
v -2.238747 -0.191003 -0.204126
v -1.750968 -0.191003 -0.204126
v -2.238747 0.005419 -0.353557
v -1.750968 0.005419 -0.353557
v -1.750968 0.273738 -0.408252
v -2.238747 0.273738 -0.408252
v -0.777073 -0.823643 0.075014
v -0.950886 -0.823644 0.075014
v -0.777073 -0.805529 0.108903
v -0.950886 -0.805529 0.108903
v -0.777073 -0.680785 -0.192255
v -0.950886 -0.680785 -0.192255
v -0.777073 -0.834798 0.038241
v -0.950886 -0.834798 0.038241
v -0.777073 -0.717557 -0.181100
v -0.950886 -0.717558 -0.181100
v -0.777073 -0.717557 0.181100
v -0.950886 -0.717558 0.181100
v -0.777073 -0.751447 0.162985
v -0.950886 -0.751447 0.162985
v -0.777073 -0.680785 0.192254
v -0.950886 -0.680785 0.192254
v -0.777073 -0.642543 0.196021
v -0.950886 -0.642543 0.196021
v -0.777073 -0.834798 -0.038242
v -0.950886 -0.834798 -0.038242
v -0.777073 -0.781151 -0.138608
v -0.950886 -0.781151 -0.138608
v -0.777073 -0.838565 -0.000000
v -0.950886 -0.838565 -0.000000
v -0.777073 -0.823643 -0.075014
v -0.950886 -0.823644 -0.075014
v -0.777073 -0.642543 -0.196022
v -0.950886 -0.642543 -0.196022
v -0.777073 -0.805529 -0.108904
v -0.950886 -0.805529 -0.108904
v -0.777073 -0.751447 -0.162986
v -0.950886 -0.751447 -0.162986
v -0.777073 -0.781151 0.138608
v -0.950886 -0.781151 0.138608
v -0.777073 -0.604301 0.192254
v -0.950886 -0.604302 0.192254
v -0.777073 -0.604302 -0.192255
v -0.950886 -0.604302 -0.192255
v -0.777073 -0.567529 0.181100
v -0.950886 -0.567529 0.181100
v -0.777073 -0.567530 -0.181100
v -0.950886 -0.567530 -0.181100
v -0.777073 -0.533640 0.162985
v -0.950886 -0.533640 0.162985
v -0.777073 -0.533640 -0.162986
v -0.950886 -0.533640 -0.162986
v -0.777073 -0.503936 -0.138608
v -0.950886 -0.503936 -0.138608
v -0.777073 -0.503935 0.138607
v -0.950886 -0.503935 0.138608
v -0.777073 -0.479558 -0.108904
v -0.950886 -0.479558 -0.108904
v -0.777073 -0.461443 -0.075015
v -0.950886 -0.461443 -0.075015
v -0.777073 -0.479558 0.108903
v -0.950886 -0.479558 0.108903
v -0.777073 -0.461443 0.075014
v -0.950886 -0.461443 0.075014
v -0.777073 -0.450289 -0.038242
v -0.950886 -0.450289 -0.038242
v -0.777073 -0.450289 0.038241
v -0.950886 -0.450289 0.038241
v -0.777073 -0.446522 -0.000001
v -0.950886 -0.446522 -0.000001
v -0.950886 -1.007937 0.233165
v -0.950886 -0.970216 0.288479
v -0.950886 -0.968303 0.265260
v -0.950886 -1.006091 0.246410
v -0.950886 -1.000733 0.259807
v -0.950886 -0.992387 0.272044
v -0.950886 -0.981872 0.281924
v -0.950886 -0.970216 -0.288479
v -0.950886 -1.007937 -0.233165
v -0.950886 -0.968303 -0.265260
v -0.950886 -0.981872 -0.281924
v -0.950886 -0.992387 -0.272044
v -0.950886 -1.000733 -0.259807
v -0.950886 -1.006091 -0.246410
v -0.777073 -0.970216 0.288479
v -0.777073 -1.007937 0.233165
v -0.777073 -0.968303 0.265260
v -0.777073 -0.981872 0.281924
v -0.777073 -0.992387 0.272044
v -0.777073 -1.000733 0.259807
v -0.777073 -1.006091 0.246410
v -0.777073 -1.007937 -0.233165
v -0.777073 -0.970216 -0.288479
v -0.777073 -0.968303 -0.265260
v -0.777073 -1.006091 -0.246410
v -0.777073 -1.000733 -0.259807
v -0.777073 -0.992387 -0.272044
v -0.777073 -0.981872 -0.281924
v -0.950886 0.479776 0.577301
v -0.950886 0.559051 0.565828
v -0.950886 0.520293 0.537124
v -0.950886 0.494193 0.576829
v -0.950886 0.510994 0.575246
v -0.950886 0.528532 0.572707
v -0.950886 0.545091 0.569462
v -0.950886 0.559051 -0.565828
v -0.950886 0.479776 -0.577301
v -0.950886 0.520293 -0.537124
v -0.950886 0.545091 -0.569462
v -0.950886 0.528532 -0.572707
v -0.950886 0.510994 -0.575246
v -0.950886 0.494193 -0.576829
v -0.777073 0.479776 -0.577301
v -0.777073 0.559051 -0.565828
v -0.777073 0.520293 -0.537124
v -0.777073 0.494193 -0.576829
v -0.777073 0.510994 -0.575246
v -0.777073 0.528532 -0.572707
v -0.777073 0.545091 -0.569462
v -0.777073 0.559051 0.565828
v -0.777073 0.479776 0.577301
v -0.777073 0.520293 0.537124
v -0.777073 0.545091 0.569462
v -0.777073 0.528532 0.572707
v -0.777073 0.510994 0.575246
v -0.777073 0.494193 0.576829
v -0.950886 -0.208973 -0.571504
v -0.950886 -0.287212 -0.556368
v -0.950886 -0.249491 -0.530645
v -0.950886 -0.223340 -0.570675
v -0.950886 -0.239993 -0.568478
v -0.950886 -0.257302 -0.565130
v -0.950886 -0.273573 -0.560957
v -0.777073 -0.287212 -0.556368
v -0.777073 -0.208973 -0.571504
v -0.777073 -0.249491 -0.530645
v -0.777073 -0.273573 -0.560957
v -0.777073 -0.257302 -0.565130
v -0.777073 -0.239993 -0.568478
v -0.777073 -0.223340 -0.570675
v -0.777073 -0.208973 0.571504
v -0.777073 -0.287212 0.556368
v -0.777073 -0.249491 0.530645
v -0.777073 -0.223340 0.570675
v -0.777073 -0.239993 0.568478
v -0.777073 -0.257302 0.565130
v -0.777073 -0.273573 0.560957
v -0.950886 -0.287212 0.556368
v -0.950886 -0.208973 0.571504
v -0.950886 -0.249491 0.530645
v -0.950886 -0.273573 0.560957
v -0.950886 -0.257302 0.565130
v -0.950886 -0.239993 0.568478
v -0.950886 -0.223340 0.570675
v -0.950886 1.338332 -0.524213
v -0.777073 1.338332 -0.524213
v -0.950886 1.236063 -0.514141
v -0.777073 1.236063 -0.514141
v -0.950886 1.137724 -0.484310
v -0.777073 1.137724 -0.484310
v -0.950886 1.047095 -0.435867
v -0.777073 1.047095 -0.435867
v -0.950886 1.047095 0.435867
v -0.777073 1.047095 0.435867
v -0.950886 1.137724 0.484310
v -0.777073 1.137724 0.484310
v -0.950886 1.236063 0.514141
v -0.777073 1.236063 0.514141
v -0.950886 1.338332 0.524213
v -0.777073 1.338332 0.524213
v -0.950886 1.440601 0.514141
v -0.777073 1.440601 0.514140
v -0.950886 1.538940 0.484310
v -0.777073 1.538940 0.484310
v -0.950886 1.629570 0.435867
v -0.777073 1.629570 0.435867
v -0.950886 1.709007 0.370675
v -0.777073 1.709007 0.370675
v -0.950886 1.774199 0.291237
v -0.777073 1.774199 0.291237
v -0.950886 1.822642 0.200607
v -0.777073 1.822642 0.200607
v -0.950886 1.852473 0.102269
v -0.777073 1.852473 0.102269
v -0.950886 1.862545 -0.000000
v -0.777073 1.862545 -0.000000
v -0.950886 1.852473 -0.102269
v -0.777073 1.852472 -0.102269
v -0.950886 1.822642 -0.200608
v -0.777073 1.822642 -0.200608
v -0.950886 1.774199 -0.291238
v -0.777073 1.774199 -0.291238
v -0.950886 1.709006 -0.370675
v -0.777073 1.709006 -0.370675
v -0.950886 1.629569 -0.435868
v -0.777073 1.629569 -0.435868
v -0.950886 1.538939 -0.484310
v -0.777073 1.538939 -0.484310
v -0.950886 1.440600 -0.514141
v -0.777073 1.440600 -0.514141
v -0.943427 1.338332 -0.323737
v -0.943427 1.275174 -0.317517
v -0.784532 1.275174 -0.317517
v -0.784532 1.338332 -0.323737
v -0.943427 1.214443 -0.299094
v -0.784532 1.214443 -0.299094
v -0.943427 1.158473 -0.269178
v -0.784532 1.158473 -0.269178
v -0.943427 1.109415 -0.228917
v -0.784532 1.109415 -0.228917
v -0.943427 1.069154 -0.179859
v -0.784532 1.069154 -0.179859
v -0.943427 1.039238 -0.123889
v -0.784532 1.039238 -0.123889
v -0.943427 1.020815 -0.063158
v -0.784532 1.020815 -0.063158
v -0.943427 1.014595 -0.000000
v -0.784532 1.014595 -0.000000
v -0.943427 1.020815 0.063158
v -0.784532 1.020815 0.063158
v -0.943427 1.039238 0.123889
v -0.784532 1.039238 0.123889
v -0.943427 1.069154 0.179859
v -0.784532 1.069154 0.179859
v -0.943427 1.109415 0.228917
v -0.784532 1.109415 0.228917
v -0.943427 1.158473 0.269178
v -0.784532 1.158473 0.269178
v -0.943427 1.214443 0.299094
v -0.784532 1.214443 0.299094
v -0.943427 1.275174 0.317517
v -0.784532 1.275174 0.317517
v -0.943427 1.338332 0.323737
v -0.784532 1.338332 0.323737
v -0.943427 1.401490 0.317517
v -0.784532 1.401490 0.317517
v -0.943427 1.462221 0.299094
v -0.784532 1.462221 0.299094
v -0.943427 1.518191 0.269178
v -0.784532 1.518191 0.269177
v -0.943427 1.567249 0.228917
v -0.784532 1.567249 0.228917
v -0.943427 1.607510 0.179859
v -0.784532 1.607510 0.179859
v -0.943427 1.637426 0.123889
v -0.784532 1.637426 0.123889
v -0.943427 1.655849 0.063158
v -0.784532 1.655849 0.063158
v -0.943427 1.662069 -0.000000
v -0.784532 1.662069 -0.000000
v -0.943427 1.655849 -0.063158
v -0.784532 1.655849 -0.063158
v -0.943427 1.637426 -0.123889
v -0.784532 1.637426 -0.123889
v -0.943427 1.607509 -0.179859
v -0.784532 1.607509 -0.179859
v -0.943427 1.567249 -0.228917
v -0.784532 1.567249 -0.228917
v -0.943427 1.518191 -0.269178
v -0.784532 1.518191 -0.269178
v -0.943427 1.462221 -0.299094
v -0.784532 1.462221 -0.299094
v -0.943427 1.401490 -0.317517
v -0.784532 1.401490 -0.317517
v -0.777073 0.967657 -0.000000
v -0.950886 0.967657 0.000000
v -0.777073 0.985904 0.385649
v -0.777073 0.946357 0.380848
v -0.777073 0.967657 0.347070
v -0.777073 0.984348 0.353984
v -0.777073 0.977300 0.380693
v -0.777073 0.966763 0.378040
v -0.777073 0.955897 0.378094
v -0.777073 0.946357 -0.380848
v -0.777073 0.985904 -0.385649
v -0.777073 0.984348 -0.353984
v -0.777073 0.967657 -0.347070
v -0.777073 0.955897 -0.378095
v -0.777073 0.966763 -0.378040
v -0.777073 0.977300 -0.380693
v -0.950886 0.985904 -0.385649
v -0.950886 0.946357 -0.380848
v -0.950886 0.967657 -0.347070
v -0.950886 0.984348 -0.353984
v -0.950886 0.977300 -0.380693
v -0.950886 0.966763 -0.378040
v -0.950886 0.955897 -0.378094
v -0.950886 0.946357 0.380848
v -0.950886 0.985904 0.385649
v -0.950886 0.984348 0.353984
v -0.950886 0.967657 0.347070
v -0.950886 0.955897 0.378095
v -0.950886 0.966763 0.378040
v -0.950886 0.977300 0.380693
vt 0.653144 0.323109
vt 0.684472 0.323109
vt 0.684472 0.377139
vt 0.653144 0.377139
vt 0.960858 0.634636
vt 0.960842 0.682628
vt 0.862965 0.682628
vt 0.853987 0.634636
vt 0.927467 0.323802
vt 0.959077 0.323802
vt 0.960295 0.377139
vt 0.928685 0.377139
vt 0.144400 0.918344
vt 0.135458 0.962318
vt 0.037983 0.962318
vt 0.037969 0.918344
vt 0.807333 0.377139
vt 0.696796 0.377139
vt 0.696796 0.323109
vt 0.807333 0.323109
vt 0.918866 0.377139
vt 0.815935 0.377139
vt 0.815935 0.323109
vt 0.918866 0.323109
vt 0.144397 0.909533
vt 0.037966 0.909533
vt 0.105535 0.228080
vt 0.114537 0.226311
vt 0.115235 0.271020
vt 0.091529 0.258789
vt 0.960861 0.625020
vt 0.853990 0.625020
vt 0.646867 0.323109
vt 0.646867 0.377139
vt 0.533735 0.737024
vt 0.533784 0.716776
vt 0.570102 0.716776
vt 0.570053 0.737024
vt 0.693073 0.350124
vt 0.850627 0.632195
vt 0.850661 0.623009
vt 0.171782 0.051067
vt 0.125629 0.051788
vt 0.130379 0.040831
vt 0.166693 0.040264
vt 0.426607 0.623009
vt 0.426573 0.632195
vt 0.416320 0.647614
vt 0.416356 0.631346
vt 0.463076 0.623009
vt 0.463042 0.632195
vt 0.179418 0.134300
vt 0.180484 0.202578
vt 0.127709 0.184951
vt 0.127219 0.153568
vt 0.463050 0.436681
vt 0.463120 0.489723
vt 0.426652 0.489723
vt 0.426581 0.436681
vt 0.416404 0.489723
vt 0.416333 0.436681
vt 0.199682 0.268060
vt 0.129521 0.256438
vt 0.128849 0.257963
vt 0.184710 0.241051
vt 0.533703 0.907690
vt 0.533663 0.785562
vt 0.569981 0.785562
vt 0.570021 0.907690
vt 0.514399 0.323109
vt 0.558092 0.323109
vt 0.558092 0.377139
vt 0.514399 0.377139
vt 0.960929 0.422092
vt 0.960907 0.489025
vt 0.854036 0.489025
vt 0.854058 0.422092
vt 0.144357 0.784924
vt 0.147673 0.785563
vt 0.147713 0.907690
vt 0.144337 0.723594
vt 0.037925 0.784924
vt 0.037905 0.723594
vt 0.144334 0.715680
vt 0.037903 0.715680
vt 0.960932 0.413455
vt 0.854061 0.413455
vt 0.508761 0.323109
vt 0.508761 0.377139
vt 0.208735 0.269560
vt 0.208088 0.228128
vt 0.580187 0.785562
vt 0.580230 0.915329
vt 0.463001 0.414539
vt 0.426532 0.414539
vt 0.035765 0.241790
vt 0.035263 0.243534
vt 0.147746 0.916129
vt 0.533736 0.916129
vt 0.570054 0.916129
vt 0.850705 0.489723
vt 0.808255 0.623009
vt 0.808300 0.489723
vt 0.804059 0.489723
vt 0.804015 0.623009
vt 0.765850 0.623009
vt 0.765895 0.489723
vt 0.759110 0.489723
vt 0.759065 0.623009
vt 0.723445 0.623009
vt 0.723489 0.489723
vt 0.719249 0.489723
vt 0.719204 0.623009
vt 0.681039 0.623009
vt 0.681084 0.489723
vt 0.675147 0.489723
vt 0.675102 0.623009
vt 0.638634 0.623009
vt 0.638678 0.489723
vt 0.631894 0.489723
vt 0.631849 0.623009
vt 0.596229 0.623009
vt 0.596273 0.489723
vt 0.592033 0.489723
vt 0.591988 0.623009
vt 0.553823 0.623009
vt 0.553868 0.489723
vt 0.547931 0.489723
vt 0.547886 0.623009
vt 0.511418 0.623009
vt 0.511462 0.489723
vt 0.506374 0.489723
vt 0.506329 0.623009
vt 0.469012 0.623009
vt 0.469057 0.489723
vt 0.189944 0.907690
vt 0.189977 0.916129
vt 0.194200 0.916129
vt 0.194167 0.907690
vt 0.232175 0.907690
vt 0.232208 0.916129
vt 0.238965 0.916129
vt 0.238932 0.907690
vt 0.274405 0.907690
vt 0.274439 0.916129
vt 0.278662 0.916129
vt 0.278629 0.907690
vt 0.316636 0.907690
vt 0.316670 0.916129
vt 0.322582 0.916129
vt 0.322549 0.907690
vt 0.358867 0.907690
vt 0.358900 0.916129
vt 0.365657 0.916129
vt 0.365624 0.907690
vt 0.401098 0.907690
vt 0.401131 0.916129
vt 0.405354 0.916129
vt 0.405321 0.907690
vt 0.443329 0.907690
vt 0.443362 0.916129
vt 0.449274 0.916129
vt 0.449241 0.907690
vt 0.485560 0.907690
vt 0.485593 0.916129
vt 0.490661 0.916129
vt 0.490627 0.907690
vt 0.527790 0.907690
vt 0.527824 0.916129
vt 0.147745 0.737024
vt 0.189976 0.737024
vt 0.189904 0.785563
vt 0.194127 0.785562
vt 0.194199 0.737024
vt 0.232206 0.737024
vt 0.232135 0.785563
vt 0.238892 0.785563
vt 0.238963 0.737024
vt 0.274437 0.737024
vt 0.274366 0.785562
vt 0.278589 0.785563
vt 0.278660 0.737024
vt 0.316668 0.737024
vt 0.316597 0.785563
vt 0.322509 0.785563
vt 0.322580 0.737024
vt 0.358899 0.737024
vt 0.358827 0.785562
vt 0.365584 0.785562
vt 0.365656 0.737024
vt 0.401130 0.737024
vt 0.401058 0.785562
vt 0.405281 0.785562
vt 0.405353 0.737024
vt 0.443361 0.737024
vt 0.443289 0.785562
vt 0.449201 0.785562
vt 0.449273 0.737024
vt 0.485591 0.737024
vt 0.485520 0.785562
vt 0.490587 0.785562
vt 0.490659 0.737024
vt 0.527822 0.737024
vt 0.527751 0.785562
vt 0.850586 0.414539
vt 0.850635 0.436681
vt 0.808229 0.436681
vt 0.808180 0.414539
vt 0.803940 0.414539
vt 0.803989 0.436681
vt 0.765824 0.436681
vt 0.765775 0.414539
vt 0.758990 0.414539
vt 0.759039 0.436681
vt 0.723419 0.436681
vt 0.723370 0.414539
vt 0.719129 0.414539
vt 0.719178 0.436681
vt 0.681013 0.436681
vt 0.680964 0.414539
vt 0.675027 0.414539
vt 0.675077 0.436681
vt 0.638608 0.436681
vt 0.638559 0.414539
vt 0.631774 0.414539
vt 0.631823 0.436681
vt 0.596203 0.436681
vt 0.596154 0.414539
vt 0.591913 0.414539
vt 0.591962 0.436681
vt 0.553797 0.436681
vt 0.553748 0.414539
vt 0.547811 0.414539
vt 0.547861 0.436681
vt 0.511392 0.436681
vt 0.511343 0.414539
vt 0.506254 0.414539
vt 0.506303 0.436681
vt 0.468987 0.436681
vt 0.468937 0.414539
vt 0.765816 0.632195
vt 0.803981 0.632195
vt 0.808137 0.681433
vt 0.781710 0.681433
vt 0.086360 0.133290
vt 0.087414 0.200754
vt 0.034201 0.175530
vt 0.033716 0.144520
vt 0.808221 0.632195
vt 0.854131 0.681433
vt 0.824768 0.681433
vt 0.672339 0.194024
vt 0.673406 0.262302
vt 0.620564 0.244675
vt 0.620073 0.213292
vt 0.605971 0.195060
vt 0.607037 0.263339
vt 0.554195 0.245712
vt 0.553705 0.214329
vt 0.905246 0.203570
vt 0.973524 0.202504
vt 0.955898 0.255386
vt 0.924515 0.255876
vt 0.406853 0.198170
vt 0.407919 0.266449
vt 0.355051 0.248822
vt 0.354561 0.217439
vt 0.467459 0.681433
vt 0.442207 0.681433
vt 0.173497 0.961289
vt 0.144255 0.961289
vt 0.759031 0.632195
vt 0.723411 0.632195
vt 0.719170 0.632195
vt 0.681005 0.632195
vt 0.675069 0.632195
vt 0.638600 0.632195
vt 0.631815 0.632195
vt 0.596195 0.632195
vt 0.591954 0.632195
vt 0.553789 0.632195
vt 0.547853 0.632195
vt 0.511384 0.632195
vt 0.506295 0.632195
vt 0.468979 0.632195
vt 0.147794 0.716776
vt 0.190025 0.716776
vt 0.194248 0.716776
vt 0.232256 0.716776
vt 0.239013 0.716776
vt 0.274487 0.716776
vt 0.278710 0.716776
vt 0.316718 0.716776
vt 0.322630 0.716776
vt 0.358948 0.716776
vt 0.365705 0.716776
vt 0.401179 0.716776
vt 0.405402 0.716776
vt 0.443410 0.716776
vt 0.449322 0.716776
vt 0.485641 0.716776
vt 0.490709 0.716776
vt 0.527872 0.716776
vt 0.876922 0.220786
vt 0.840608 0.221353
vt 0.840398 0.207886
vt 0.876712 0.207319
vt 0.386126 0.057499
vt 0.422439 0.056932
vt 0.422776 0.078479
vt 0.386462 0.079046
vt 0.032042 0.037316
vt 0.068356 0.036748
vt 0.068566 0.050215
vt 0.032252 0.050783
vt 0.550925 0.036338
vt 0.587239 0.035771
vt 0.587534 0.054625
vt 0.551220 0.055192
vt 0.372648 0.079262
vt 0.336334 0.079829
vt 0.335997 0.058282
vt 0.372311 0.057715
vt 0.841014 0.247327
vt 0.877328 0.246760
vt 0.877538 0.260227
vt 0.841224 0.260795
vt 0.601053 0.035555
vt 0.637367 0.034988
vt 0.637662 0.053842
vt 0.601348 0.054409
vt 0.687790 0.053059
vt 0.651476 0.053626
vt 0.651224 0.037466
vt 0.687538 0.036899
vt 0.827880 0.055221
vt 0.864194 0.054654
vt 0.864488 0.073508
vt 0.828174 0.074075
vt 0.033148 0.108140
vt 0.032658 0.076757
vt 0.075310 0.076091
vt 0.075800 0.107474
vt 0.553011 0.169907
vt 0.552521 0.138524
vt 0.602117 0.137749
vt 0.602607 0.169132
vt 0.552116 0.112549
vt 0.551625 0.081166
vt 0.596261 0.080469
vt 0.596751 0.111852
vt 0.485965 0.077840
vt 0.485475 0.046457
vt 0.527135 0.045806
vt 0.527626 0.077190
vt 0.619380 0.168870
vt 0.618889 0.137487
vt 0.663525 0.136790
vt 0.664015 0.168173
vt 0.705107 0.075183
vt 0.704617 0.043800
vt 0.747269 0.043134
vt 0.747759 0.074517
vt 0.260788 0.049619
vt 0.261278 0.081002
vt 0.219618 0.081652
vt 0.219128 0.050269
vt 0.610566 0.111636
vt 0.610076 0.080253
vt 0.654711 0.079556
vt 0.655201 0.110939
vt 0.771708 0.074957
vt 0.771218 0.043574
vt 0.813870 0.042908
vt 0.814360 0.074291
vt 0.126525 0.109146
vt 0.126035 0.077763
vt 0.169679 0.077081
vt 0.170169 0.108464
vt 0.470022 0.961288
vt 0.444874 0.961288
vt 0.385690 0.961288
vt 0.361127 0.961288
vt 0.300839 0.961288
vt 0.274521 0.961289
vt 0.824897 0.100107
vt 0.825950 0.167571
vt 0.772766 0.142666
vt 0.772281 0.111657
vt 0.763579 0.681433
vt 0.738914 0.681433
vt 0.216377 0.961288
vt 0.190059 0.961289
vt 0.472551 0.103683
vt 0.473605 0.171147
vt 0.420437 0.146433
vt 0.419953 0.115424
vt 0.723326 0.681433
vt 0.696900 0.681433
vt 0.274063 0.200244
vt 0.275129 0.268523
vt 0.222261 0.250896
vt 0.221771 0.219513
vt 0.903750 0.054759
vt 0.971215 0.053706
vt 0.946309 0.106891
vt 0.915300 0.107375
vt 0.679485 0.681433
vt 0.654233 0.681433
vt 0.636362 0.681433
vt 0.611698 0.681433
vt 0.272797 0.106802
vt 0.273851 0.174267
vt 0.220677 0.149489
vt 0.220193 0.118480
vt 0.473234 0.197134
vt 0.474301 0.265412
vt 0.421446 0.247785
vt 0.420955 0.216402
vt 0.539603 0.196097
vt 0.540669 0.264375
vt 0.487827 0.246748
vt 0.487337 0.215365
vt 0.405968 0.104722
vt 0.407022 0.172187
vt 0.353854 0.147473
vt 0.353370 0.116464
vt 0.596110 0.681433
vt 0.569684 0.681433
vt 0.340458 0.199207
vt 0.341524 0.267486
vt 0.288656 0.249859
vt 0.288166 0.218476
vt 0.759746 0.193772
vt 0.760812 0.262050
vt 0.707930 0.244424
vt 0.707440 0.213041
vt 0.826356 0.193546
vt 0.827410 0.261010
vt 0.774225 0.236105
vt 0.773741 0.205095
vt 0.552269 0.681433
vt 0.527017 0.681433
vt 0.758287 0.100333
vt 0.759340 0.167798
vt 0.706167 0.143020
vt 0.705682 0.112011
vt 0.510582 0.681433
vt 0.484742 0.681433
vt 0.512123 0.961288
vt 0.486390 0.961288
vt 0.554484 0.961288
vt 0.529335 0.961288
vt 0.427531 0.961288
vt 0.401214 0.961288
vt 0.343330 0.961288
vt 0.318181 0.961289
vt 0.258998 0.961289
vt 0.234434 0.961288
vt 0.905020 0.136965
vt 0.972484 0.135911
vt 0.947642 0.189090
vt 0.916633 0.189575
vt 0.339385 0.105762
vt 0.340438 0.173227
vt 0.287265 0.148449
vt 0.286781 0.117440
vt 0.580259 0.737024
vt 0.580308 0.716776
vt 0.585751 0.716776
vt 0.585702 0.737024
vt 0.585630 0.785562
vt 0.585683 0.947013
vt 0.580265 0.930257
vt 0.285731 0.050196
vt 0.322044 0.049629
vt 0.322519 0.080045
vt 0.286206 0.080612
vt 0.416284 0.414539
vt 0.039044 0.373515
vt 0.038752 0.319488
vt 0.150921 0.323103
vt 0.151213 0.377130
vt 0.691893 0.716776
vt 0.691843 0.737024
vt 0.691772 0.785562
vt 0.691854 0.945596
vt 0.491799 0.136276
vt 0.528113 0.135709
vt 0.533572 0.170210
vt 0.487419 0.170931
vt 0.486371 0.103815
vt 0.410868 0.436681
vt 0.410818 0.414539
vt 0.410938 0.489723
vt 0.410879 0.665925
vt 0.532524 0.103094
vt 0.304238 0.414539
vt 0.304288 0.436681
vt 0.229816 0.444610
vt 0.229767 0.422469
vt 0.230501 0.321581
vt 0.230793 0.375608
vt 0.766058 0.724042
vt 0.766008 0.744290
vt 0.304358 0.489723
vt 0.304330 0.664831
vt 0.229886 0.497652
vt 0.192306 0.509106
vt 0.192236 0.456064
vt 0.192186 0.433923
vt 0.270680 0.320813
vt 0.270972 0.374840
vt 0.229870 0.637077
vt 0.765937 0.792828
vt 0.766009 0.920166
vt 0.127391 0.539723
vt 0.127321 0.486682
vt 0.127272 0.464540
vt 0.339990 0.319488
vt 0.340282 0.373515
vt 0.192299 0.622540
vt 0.803433 0.754785
vt 0.803362 0.803323
vt 0.803426 0.906845
vt 0.803483 0.734537
vt 0.127402 0.599411
vt 0.868080 0.782839
vt 0.868008 0.831377
vt 0.868056 0.885653
vt 0.868129 0.762591
vt 0.924572 0.869197
vt 0.924589 0.817996
vt 0.070582 0.525075
vt 0.070556 0.503109
vt 0.400476 0.327401
vt 0.400651 0.359733
vt 0.070635 0.581267
vt 0.924616 0.797893
vt 0.031443 0.563946
vt 0.020465 0.555182
vt 0.974499 0.845606
vt 0.963566 0.853612
vt 0.442422 0.332999
vt 0.454356 0.339092
vt 0.442490 0.345640
vt 0.094672 0.628922
vt 0.094672 0.640385
vt 0.053148 0.640439
vt 0.053148 0.628975
vt 0.023056 0.640576
vt 0.023056 0.629113
vt 0.868224 0.503285
vt 0.868224 0.514749
vt 0.836512 0.514749
vt 0.836512 0.503285
vt 0.804801 0.514749
vt 0.804801 0.503285
vt 0.213404 0.229812
vt 0.213404 0.218349
vt 0.243495 0.218486
vt 0.243495 0.229949
vt 0.285019 0.218540
vt 0.285019 0.230003
vt 0.326849 0.218495
vt 0.326849 0.229958
vt 0.357777 0.218364
vt 0.357777 0.229827
vt 0.949621 0.503285
vt 0.949621 0.514749
vt 0.917910 0.514749
vt 0.917910 0.503285
vt 0.886198 0.514749
vt 0.886198 0.503285
vt 0.136502 0.640430
vt 0.167430 0.640561
vt 0.185221 0.665932
vt 0.146693 0.665785
vt 0.167430 0.629098
vt 0.136502 0.628967
vt 0.135267 0.869874
vt 0.104752 0.893735
vt 0.097476 0.890456
vt 0.131061 0.864194
vt 0.835842 0.856050
vt 0.800941 0.856050
vt 0.800941 0.738391
vt 0.835842 0.738391
vt 0.285019 0.728011
vt 0.326849 0.727966
vt 0.330942 0.735949
vt 0.284904 0.735998
vt 0.243495 0.727958
vt 0.239202 0.735939
vt 0.165064 0.958925
vt 0.195579 0.982786
vt 0.191397 0.988466
vt 0.157813 0.962204
vt 0.153895 0.926330
vt 0.145520 0.926330
vt 0.136502 0.130959
vt 0.094672 0.130914
vt 0.094557 0.122927
vt 0.140595 0.122976
vt 0.053148 0.130967
vt 0.048855 0.122986
vt 0.165064 0.893735
vt 0.157813 0.890456
vt 0.104752 0.958925
vt 0.135267 0.982786
vt 0.131061 0.988466
vt 0.097476 0.962204
vt 0.195579 0.869874
vt 0.191397 0.864194
vt 0.093583 0.926330
vt 0.085183 0.926330
vt 0.672824 0.850319
vt 0.672824 0.898444
vt 0.654497 0.937514
vt 0.622754 0.957060
vt 0.586100 0.951844
vt 0.554357 0.923265
vt 0.536030 0.878980
vt 0.536030 0.830855
vt 0.554357 0.791785
vt 0.586100 0.772239
vt 0.622754 0.777454
vt 0.654497 0.806033
vt 0.174635 0.123121
vt 0.140595 0.005319
vt 0.174635 0.005463
vt 0.048855 0.005328
vt 0.094557 0.005269
vt 0.364982 0.735804
vt 0.364982 0.853461
vt 0.330942 0.853606
vt 0.206084 0.735787
vt 0.239202 0.853596
vt 0.206084 0.853445
vt 0.015736 0.123138
vt 0.015736 0.005480
vt 0.074930 0.981854
vt 0.040028 0.981854
vt 0.040028 0.864194
vt 0.074930 0.864194
vt 0.284904 0.853655
vt 0.870744 0.856050
vt 0.870744 0.738391
vt 0.005127 0.981854
vt 0.005127 0.864194
vt 0.337040 0.193140
vt 0.284880 0.193189
vt 0.284880 0.005485
vt 0.337040 0.005435
vt 0.042716 0.665796
vt 0.005127 0.665951
vt 0.917910 0.540144
vt 0.882338 0.540144
vt 0.953481 0.540144
vt 0.375568 0.192993
vt 0.233063 0.193129
vt 0.195474 0.192974
vt 0.836513 0.540144
vt 0.800941 0.540144
vt 0.094532 0.665735
vt 0.872084 0.540144
vt 0.404571 0.941366
vt 0.385821 0.890563
vt 0.385821 0.836227
vt 0.404571 0.792917
vt 0.437048 0.772239
vt 0.474549 0.779733
vt 0.507026 0.813390
vt 0.525777 0.864193
vt 0.525777 0.918529
vt 0.507026 0.961839
vt 0.474549 0.982517
vt 0.437048 0.975023
vt 0.836513 0.727852
vt 0.800941 0.727852
vt 0.185221 0.853637
vt 0.146693 0.853490
vt 0.094532 0.853440
vt 0.042716 0.853501
vt 0.375568 0.005288
vt 0.195474 0.005269
vt 0.233063 0.005424
vt 0.005127 0.853655
vt 0.953481 0.727852
vt 0.917910 0.727852
vt 0.872084 0.727852
vt 0.882338 0.727852
vt 0.963735 0.849220
vt 0.963735 0.799479
vt 0.994673 0.799476
vt 0.994673 0.849217
vt 0.641103 0.520000
vt 0.676621 0.532858
vt 0.702622 0.567988
vt 0.712139 0.615976
vt 0.712139 0.665724
vt 0.702622 0.713712
vt 0.676621 0.748842
vt 0.641103 0.761700
vt 0.625142 0.761700
vt 0.589624 0.748842
vt 0.563623 0.713712
vt 0.554106 0.665724
vt 0.554106 0.615976
vt 0.563623 0.567988
vt 0.589624 0.532858
vt 0.625142 0.520000
vt 0.357874 0.917107
vt 0.326935 0.917107
vt 0.326935 0.900702
vt 0.357874 0.900702
vt 0.472817 0.520000
vt 0.508335 0.532858
vt 0.534336 0.567988
vt 0.543853 0.615976
vt 0.543853 0.665724
vt 0.534336 0.713712
vt 0.508335 0.748842
vt 0.472817 0.761700
vt 0.456857 0.761700
vt 0.421339 0.748842
vt 0.395338 0.713712
vt 0.385821 0.665724
vt 0.385821 0.615976
vt 0.395338 0.567988
vt 0.421339 0.532858
vt 0.456857 0.520000
vt 0.994673 0.574304
vt 0.994673 0.624045
vt 0.963735 0.624042
vt 0.963735 0.574301
vt 0.316682 0.900702
vt 0.285743 0.900702
vt 0.285743 0.864194
vt 0.316682 0.864194
vt 0.963935 0.490539
vt 0.994873 0.490542
vt 0.994727 0.526148
vt 0.963788 0.526145
vt 0.357874 0.953614
vt 0.326935 0.953614
vt 0.994873 0.706491
vt 0.963935 0.706488
vt 0.963788 0.671845
vt 0.994727 0.671849
vt 0.285743 0.917107
vt 0.316682 0.917107
vt 0.316682 0.953614
vt 0.285743 0.953614
vt 0.994873 0.932979
vt 0.963935 0.932982
vt 0.963788 0.897376
vt 0.994726 0.897373
vt 0.326935 0.864194
vt 0.357874 0.864194
vt 0.963935 0.717033
vt 0.994873 0.717030
vt 0.994726 0.751672
vt 0.963788 0.751675
vt 0.136502 0.256603
vt 0.140571 0.266897
vt 0.094557 0.266848
vt 0.094672 0.256558
vt 0.136502 0.382806
vt 0.136502 0.394297
vt 0.094672 0.394253
vt 0.094672 0.382761
vt 0.136502 0.512133
vt 0.140571 0.521633
vt 0.094557 0.521584
vt 0.094672 0.512088
vt 0.167430 0.256734
vt 0.174591 0.267042
vt 0.167430 0.382937
vt 0.167430 0.394429
vt 0.167430 0.512265
vt 0.174591 0.521778
vt 0.917910 0.130915
vt 0.917910 0.141243
vt 0.883027 0.141243
vt 0.886198 0.130915
vt 0.917910 0.257120
vt 0.917910 0.268613
vt 0.886198 0.268613
vt 0.886198 0.257120
vt 0.917910 0.386450
vt 0.917910 0.395982
vt 0.883027 0.395982
vt 0.886198 0.386450
vt 0.949621 0.130915
vt 0.952792 0.141243
vt 0.949621 0.257120
vt 0.949621 0.268613
vt 0.949621 0.386450
vt 0.952792 0.395982
vt 0.326849 0.602322
vt 0.330918 0.592027
vt 0.364939 0.591883
vt 0.357777 0.602191
vt 0.326849 0.476119
vt 0.326849 0.464627
vt 0.357777 0.464496
vt 0.357777 0.475988
vt 0.326849 0.346792
vt 0.330918 0.337292
vt 0.364938 0.337147
vt 0.357777 0.346660
vt 0.285019 0.602367
vt 0.284905 0.592077
vt 0.285019 0.476164
vt 0.285019 0.464672
vt 0.285019 0.346836
vt 0.284905 0.337341
vt 0.243495 0.602314
vt 0.239228 0.592018
vt 0.243495 0.476110
vt 0.243495 0.464619
vt 0.243495 0.346783
vt 0.239228 0.337282
vt 0.213404 0.602176
vt 0.206128 0.591866
vt 0.213404 0.475973
vt 0.213404 0.464481
vt 0.213404 0.346645
vt 0.206128 0.337131
vt 0.836512 0.130915
vt 0.836512 0.141243
vt 0.801630 0.141243
vt 0.804801 0.130915
vt 0.836512 0.257120
vt 0.836512 0.268612
vt 0.804801 0.268612
vt 0.804801 0.257120
vt 0.836512 0.386450
vt 0.836512 0.395982
vt 0.801630 0.395982
vt 0.804801 0.386450
vt 0.868224 0.130915
vt 0.871395 0.141243
vt 0.868224 0.257120
vt 0.868224 0.268612
vt 0.868224 0.386450
vt 0.871395 0.395982
vt 0.053148 0.256611
vt 0.048881 0.266907
vt 0.015781 0.267059
vt 0.023056 0.256749
vt 0.053148 0.382814
vt 0.053148 0.394306
vt 0.023056 0.394444
vt 0.023056 0.382952
vt 0.053148 0.512142
vt 0.048881 0.521643
vt 0.015781 0.521794
vt 0.023056 0.512280
vt 0.094557 0.403748
vt 0.048881 0.403807
vt 0.094672 0.501895
vt 0.053148 0.501949
vt 0.015781 0.403958
vt 0.023056 0.502086
vt 0.871395 0.278144
vt 0.836512 0.278144
vt 0.868224 0.376257
vt 0.836512 0.376257
vt 0.801630 0.278144
vt 0.804801 0.376257
vt 0.206128 0.454967
vt 0.239228 0.455118
vt 0.213404 0.356838
vt 0.243495 0.356976
vt 0.284905 0.455177
vt 0.285019 0.357030
vt 0.330918 0.455128
vt 0.326849 0.356985
vt 0.364938 0.454983
vt 0.357777 0.356854
vt 0.952792 0.278144
vt 0.917910 0.278144
vt 0.949621 0.376257
vt 0.917910 0.376257
vt 0.883027 0.278144
vt 0.886198 0.376257
vt 0.174591 0.403941
vt 0.140571 0.403797
vt 0.167430 0.502071
vt 0.136502 0.501940
vt 0.140571 0.619896
vt 0.094557 0.619847
vt 0.174591 0.620040
vt 0.917910 0.494247
vt 0.883027 0.494247
vt 0.952792 0.494247
vt 0.330918 0.239029
vt 0.364938 0.238884
vt 0.284905 0.239078
vt 0.239228 0.239019
vt 0.206128 0.238868
vt 0.836512 0.494247
vt 0.801630 0.494247
vt 0.871395 0.494247
vt 0.048881 0.619906
vt 0.015781 0.620057
vt 0.140571 0.491714
vt 0.094557 0.491665
vt 0.174591 0.491859
vt 0.917910 0.366063
vt 0.883027 0.366063
vt 0.952792 0.366063
vt 0.330918 0.367211
vt 0.364938 0.367066
vt 0.284905 0.367260
vt 0.239228 0.367201
vt 0.206128 0.367049
vt 0.836512 0.366063
vt 0.801630 0.366063
vt 0.871395 0.366063
vt 0.048881 0.491724
vt 0.015781 0.491875
vt 0.094557 0.371232
vt 0.048881 0.371291
vt 0.015781 0.371443
vt 0.871395 0.245628
vt 0.836512 0.245628
vt 0.801630 0.245628
vt 0.206128 0.487482
vt 0.239228 0.487634
vt 0.284905 0.487693
vt 0.330918 0.487643
vt 0.364938 0.487499
vt 0.952792 0.245628
vt 0.917910 0.245628
vt 0.883027 0.245628
vt 0.174591 0.371426
vt 0.140571 0.371282
vt 0.094672 0.246529
vt 0.053148 0.246583
vt 0.023056 0.246720
vt 0.868224 0.120887
vt 0.836512 0.120887
vt 0.804801 0.120887
vt 0.213404 0.612204
vt 0.243495 0.612342
vt 0.285019 0.612396
vt 0.326849 0.612351
vt 0.357777 0.612219
vt 0.949621 0.120887
vt 0.917910 0.120887
vt 0.886198 0.120887
vt 0.167430 0.246705
vt 0.136502 0.246574
vt 0.136502 0.140987
vt 0.094672 0.140942
vt 0.140571 0.236586
vt 0.094557 0.236537
vt 0.167430 0.131090
vt 0.167430 0.141118
vt 0.174591 0.236731
vt 0.917910 0.005269
vt 0.917910 0.015298
vt 0.886198 0.015298
vt 0.886198 0.005269
vt 0.917910 0.110931
vt 0.883027 0.110931
vt 0.949621 0.005269
vt 0.949621 0.015298
vt 0.952792 0.110931
vt 0.326849 0.717938
vt 0.357777 0.717806
vt 0.357777 0.727835
vt 0.330918 0.622339
vt 0.364939 0.622194
vt 0.285019 0.717983
vt 0.284905 0.622388
vt 0.243495 0.717929
vt 0.239228 0.622329
vt 0.213404 0.727820
vt 0.213404 0.717791
vt 0.206128 0.622178
vt 0.836512 0.005269
vt 0.836512 0.015298
vt 0.804801 0.015298
vt 0.804801 0.005269
vt 0.836512 0.110931
vt 0.801630 0.110931
vt 0.868224 0.005269
vt 0.868224 0.015298
vt 0.871395 0.110931
vt 0.053148 0.140996
vt 0.023056 0.141134
vt 0.023056 0.131105
vt 0.048881 0.236596
vt 0.015781 0.236747
vt 0.094557 0.150861
vt 0.048881 0.150920
vt 0.015781 0.151072
vt 0.871395 0.025254
vt 0.836512 0.025254
vt 0.801630 0.025254
vt 0.206128 0.707853
vt 0.239228 0.708005
vt 0.284905 0.708064
vt 0.330918 0.708014
vt 0.364939 0.707870
vt 0.952792 0.025254
vt 0.917910 0.025254
vt 0.883027 0.025254
vt 0.174591 0.151055
vt 0.140571 0.150910
vt 0.722392 0.856197
vt 0.722411 0.735222
vt 0.752112 0.735225
vt 0.752094 0.856201
vt 0.993437 0.143800
vt 0.993455 0.264775
vt 0.963753 0.264778
vt 0.963735 0.143803
vt 0.393794 0.376242
vt 0.386811 0.369126
vt 0.385821 0.248149
vt 0.392687 0.241032
vt 0.576262 0.241032
vt 0.583127 0.248149
vt 0.582137 0.369125
vt 0.575154 0.376242
vt 0.601354 0.376242
vt 0.594371 0.369126
vt 0.593381 0.248149
vt 0.600247 0.241032
vt 0.783821 0.241032
vt 0.790687 0.248149
vt 0.789697 0.369125
vt 0.782714 0.376242
vt 0.722638 0.990782
vt 0.722404 0.869985
vt 0.752106 0.869989
vt 0.752340 0.990785
vt 0.993611 0.363959
vt 0.963910 0.363962
vt 0.963956 0.353057
vt 0.993658 0.353054
vt 0.993683 0.009215
vt 0.993448 0.130011
vt 0.963747 0.130015
vt 0.963981 0.009218
vt 0.444629 0.509461
vt 0.439145 0.502499
vt 0.450977 0.445281
vt 0.451620 0.451998
vt 0.453526 0.458457
vt 0.456622 0.464409
vt 0.460788 0.469627
vt 0.465864 0.473909
vt 0.471655 0.477090
vt 0.477939 0.479050
vt 0.484474 0.479711
vt 0.491009 0.479050
vt 0.497293 0.477090
vt 0.503084 0.473909
vt 0.508160 0.469627
vt 0.512326 0.464409
vt 0.515422 0.458457
vt 0.517328 0.451998
vt 0.517972 0.445281
vt 0.529804 0.502499
vt 0.524319 0.509461
vt 0.533772 0.502835
vt 0.517328 0.438564
vt 0.515422 0.432105
vt 0.512326 0.426152
vt 0.508160 0.420935
vt 0.503084 0.416653
vt 0.497293 0.413471
vt 0.491009 0.411512
vt 0.484474 0.410850
vt 0.477939 0.411512
vt 0.471655 0.413471
vt 0.465864 0.416653
vt 0.460788 0.420935
vt 0.456622 0.426152
vt 0.453526 0.432105
vt 0.451620 0.438564
vt 0.435177 0.502835
vt 0.389398 0.382868
vt 0.579550 0.382868
vt 0.646705 0.502499
vt 0.642737 0.502835
vt 0.596958 0.382868
vt 0.787110 0.382868
vt 0.741331 0.502835
vt 0.737364 0.502499
vt 0.725532 0.445281
vt 0.724888 0.438564
vt 0.722982 0.432105
vt 0.719886 0.426152
vt 0.715720 0.420935
vt 0.710644 0.416653
vt 0.704853 0.413471
vt 0.698569 0.411512
vt 0.692034 0.410850
vt 0.685499 0.411512
vt 0.679215 0.413471
vt 0.673424 0.416653
vt 0.668348 0.420935
vt 0.664182 0.426152
vt 0.661086 0.432105
vt 0.659180 0.438564
vt 0.658537 0.445281
vt 0.880997 0.824987
vt 0.910700 0.824987
vt 0.910700 0.831704
vt 0.880997 0.831704
vt 0.880997 0.807358
vt 0.910700 0.807358
vt 0.910700 0.812575
vt 0.880997 0.812575
vt 0.910700 0.818528
vt 0.880997 0.818528
vt 0.880962 0.884218
vt 0.910664 0.884218
vt 0.910664 0.890935
vt 0.880962 0.890935
vt 0.880997 0.838421
vt 0.910700 0.838421
vt 0.910700 0.844880
vt 0.880997 0.844880
vt 0.880997 0.850832
vt 0.910700 0.850832
vt 0.910700 0.856050
vt 0.880997 0.856050
vt 0.840951 0.890752
vt 0.870653 0.890749
vt 0.870657 0.897477
vt 0.840955 0.897480
vt 0.800944 0.884385
vt 0.830646 0.884388
vt 0.830643 0.891116
vt 0.800941 0.891113
vt 0.880962 0.871806
vt 0.910664 0.871806
vt 0.910664 0.877759
vt 0.880962 0.877759
vt 0.830646 0.897820
vt 0.800944 0.897817
vt 0.870667 0.903970
vt 0.840966 0.903973
vt 0.841006 0.866592
vt 0.870708 0.866589
vt 0.870685 0.871728
vt 0.840983 0.871731
vt 0.800972 0.871882
vt 0.830674 0.871886
vt 0.830657 0.877895
vt 0.800955 0.877891
vt 0.870667 0.877622
vt 0.840966 0.877626
vt 0.800972 0.910133
vt 0.830674 0.910137
vt 0.830698 0.915276
vt 0.800996 0.915273
vt 0.840983 0.909982
vt 0.870685 0.909979
vt 0.870708 0.915273
vt 0.841006 0.915276
vt 0.800955 0.904239
vt 0.830657 0.904242
vt 0.800996 0.866589
vt 0.830698 0.866592
vt 0.880962 0.904111
vt 0.910664 0.904111
vt 0.910664 0.910063
vt 0.880962 0.910063
vt 0.840955 0.884048
vt 0.870657 0.884045
vt 0.910664 0.897652
vt 0.880962 0.897652
vt 0.245788 0.871023
vt 0.275490 0.871023
vt 0.275490 0.952933
vt 0.245788 0.952933
vt 0.752315 0.646946
vt 0.722613 0.646943
vt 0.722567 0.636038
vt 0.752269 0.636041
vt 0.880962 0.866589
vt 0.910664 0.866589
vt 0.910664 0.915281
vt 0.880962 0.915281
vt 0.652189 0.509461
vt 0.649926 0.509137
vt 0.647636 0.508196
vt 0.645545 0.506730
vt 0.643857 0.504883
vt 0.740211 0.504883
vt 0.738523 0.506730
vt 0.736432 0.508196
vt 0.734142 0.509137
vt 0.731879 0.509461
vt 0.532651 0.504883
vt 0.530963 0.506730
vt 0.528872 0.508196
vt 0.526582 0.509137
vt 0.442366 0.509137
vt 0.440077 0.508196
vt 0.437985 0.506730
vt 0.436297 0.504883
vt 0.593462 0.245616
vt 0.593732 0.242665
vt 0.594166 0.239585
vt 0.594720 0.236676
vt 0.595341 0.234224
vt 0.788727 0.234224
vt 0.789348 0.236676
vt 0.789902 0.239585
vt 0.790336 0.242665
vt 0.790607 0.245616
vt 0.385902 0.245616
vt 0.386172 0.242665
vt 0.386606 0.239585
vt 0.387160 0.236676
vt 0.387781 0.234224
vt 0.581167 0.234224
vt 0.581788 0.236676
vt 0.582342 0.239585
vt 0.582776 0.242665
vt 0.583047 0.245616
vt 0.789555 0.371649
vt 0.789180 0.374574
vt 0.788607 0.377614
vt 0.787894 0.380472
vt 0.388614 0.380472
vt 0.387901 0.377614
vt 0.387329 0.374574
vt 0.386953 0.371649
vt 0.581995 0.371649
vt 0.581620 0.374574
vt 0.581048 0.377614
vt 0.580334 0.380472
vt 0.596174 0.380472
vt 0.595461 0.377614
vt 0.594888 0.374574
vt 0.594513 0.371649
vt 0.245788 0.868697
vt 0.275490 0.868697
vt 0.245788 0.866344
vt 0.275490 0.866344
vt 0.245788 0.864194
vt 0.275490 0.864194
vt 0.963996 0.005273
vt 0.993698 0.005269
vt 0.993688 0.007147
vt 0.963987 0.007151
vt 0.275490 0.955259
vt 0.245788 0.955259
vt 0.275490 0.957613
vt 0.245788 0.957613
vt 0.275490 0.959762
vt 0.245788 0.959762
vt 0.752355 0.994731
vt 0.722653 0.994727
vt 0.722644 0.992849
vt 0.752346 0.992853
vt 0.722424 0.721336
vt 0.752126 0.721339
vt 0.752122 0.723779
vt 0.722420 0.723776
vt 0.752119 0.726677
vt 0.722417 0.726674
vt 0.752116 0.729749
vt 0.722414 0.729746
vt 0.752113 0.732694
vt 0.722411 0.732691
vt 0.993469 0.278661
vt 0.963767 0.278664
vt 0.963763 0.276224
vt 0.993465 0.276221
vt 0.963759 0.273326
vt 0.993461 0.273323
vt 0.963756 0.270254
vt 0.993458 0.270251
vt 0.963754 0.267309
vt 0.993456 0.267306
vt 0.963735 0.141277
vt 0.993437 0.141274
vt 0.963737 0.138346
vt 0.993438 0.138342
vt 0.963739 0.135295
vt 0.993441 0.135292
vt 0.963743 0.132425
vt 0.993445 0.132421
vt 0.752094 0.858726
vt 0.722392 0.858723
vt 0.752096 0.861658
vt 0.722394 0.861655
vt 0.752098 0.864708
vt 0.722396 0.864705
vt 0.752102 0.867579
vt 0.722400 0.867575
vt 0.659180 0.451998
vt 0.661086 0.458457
vt 0.664182 0.464409
vt 0.668348 0.469627
vt 0.673424 0.473909
vt 0.679215 0.477090
vt 0.685499 0.479050
vt 0.692034 0.479711
vt 0.698569 0.479050
vt 0.704853 0.477090
vt 0.710644 0.473909
vt 0.715720 0.469627
vt 0.719886 0.464409
vt 0.722982 0.458457
vt 0.724888 0.451998
vt 0.993537 0.415386
vt 0.963835 0.415389
vt 0.963841 0.397397
vt 0.993543 0.397393
vt 0.963866 0.380032
vt 0.993568 0.380029
vt 0.423983 0.159522
vt 0.418572 0.159249
vt 0.409990 0.148501
vt 0.438475 0.128940
vt 0.445355 0.137557
vt 0.558958 0.148501
vt 0.550377 0.159249
vt 0.544965 0.159522
vt 0.523593 0.137557
vt 0.530473 0.128940
vt 0.722523 0.619968
vt 0.752225 0.619971
vt 0.722498 0.602603
vt 0.752200 0.602607
vt 0.722492 0.584611
vt 0.752194 0.584614
vt 0.722505 0.566683
vt 0.752207 0.566686
vt 0.722537 0.549507
vt 0.752239 0.549510
vt 0.722587 0.533744
vt 0.752289 0.533747
vt 0.722653 0.520000
vt 0.752355 0.520003
vt 0.235535 0.994410
vt 0.205832 0.994410
vt 0.205832 0.980457
vt 0.235535 0.980457
vt 0.205832 0.964538
vt 0.235535 0.964538
vt 0.205832 0.947266
vt 0.235535 0.947266
vt 0.205832 0.929302
vt 0.235535 0.929302
vt 0.205832 0.911339
vt 0.235535 0.911339
vt 0.205832 0.894066
vt 0.235535 0.894066
vt 0.205832 0.878147
vt 0.235535 0.878147
vt 0.205832 0.864194
vt 0.235535 0.864194
vt 0.993698 0.479997
vt 0.963996 0.480000
vt 0.963930 0.466256
vt 0.993632 0.466253
vt 0.963880 0.450493
vt 0.993582 0.450490
vt 0.963848 0.433317
vt 0.993550 0.433314
vt 0.609272 0.062110
vt 0.617550 0.046191
vt 0.646035 0.065756
vt 0.640923 0.075587
vt 0.684986 0.790687
vt 0.712139 0.790687
vt 0.712139 0.801354
vt 0.684986 0.801354
vt 0.741803 0.020787
vt 0.755378 0.032238
vt 0.731153 0.057139
vt 0.722770 0.050068
vt 0.558958 0.046191
vt 0.567236 0.062110
vt 0.535585 0.075587
vt 0.530473 0.065756
vt 0.779894 0.115309
vt 0.774796 0.132582
vt 0.743145 0.119109
vt 0.746293 0.108441
vt 0.421131 0.032238
vt 0.434705 0.020787
vt 0.453739 0.050068
vt 0.445355 0.057139
vt 0.401712 0.132582
vt 0.396614 0.115309
vt 0.430215 0.108441
vt 0.433363 0.119109
vt 0.628690 0.032238
vt 0.652915 0.057139
vt 0.766518 0.046191
vt 0.738033 0.065756
vt 0.547818 0.032238
vt 0.523593 0.057139
vt 0.766518 0.148501
vt 0.738033 0.128940
vt 0.409990 0.046191
vt 0.438475 0.065756
vt 0.642265 0.020787
vt 0.661299 0.050068
vt 0.774796 0.062110
vt 0.743145 0.075587
vt 0.534243 0.020787
vt 0.515210 0.050068
vt 0.731153 0.137557
vt 0.752525 0.159522
vt 0.751344 0.162454
vt 0.692034 0.162454
vt 0.692034 0.154211
vt 0.702827 0.153119
vt 0.713205 0.149883
vt 0.722770 0.144628
vt 0.401712 0.062110
vt 0.433363 0.075587
vt 0.681241 0.153119
vt 0.632724 0.162454
vt 0.631543 0.159522
vt 0.652915 0.137557
vt 0.661299 0.144628
vt 0.670863 0.149883
vt 0.453739 0.144628
vt 0.463303 0.149883
vt 0.473681 0.153119
vt 0.484474 0.154211
vt 0.484474 0.162454
vt 0.425164 0.162454
vt 0.657753 0.012278
vt 0.670863 0.044813
vt 0.495267 0.153119
vt 0.505645 0.149883
vt 0.515210 0.144628
vt 0.543784 0.162454
vt 0.779894 0.079383
vt 0.746293 0.086255
vt 0.518755 0.012278
vt 0.505645 0.044813
vt 0.396614 0.079383
vt 0.430215 0.086255
vt 0.617550 0.148501
vt 0.609272 0.132582
vt 0.640923 0.119109
vt 0.646035 0.128940
vt 0.674558 0.007039
vt 0.681241 0.041577
vt 0.567236 0.132582
vt 0.535585 0.119109
vt 0.781615 0.097346
vt 0.747356 0.097348
vt 0.501951 0.007039
vt 0.495267 0.041577
vt 0.394893 0.097346
vt 0.429152 0.097348
vt 0.604174 0.115309
vt 0.637775 0.108441
vt 0.692034 0.005269
vt 0.692034 0.040484
vt 0.572334 0.115309
vt 0.538734 0.108441
vt 0.484474 0.005269
vt 0.484474 0.040484
vt 0.602453 0.097346
vt 0.636712 0.097348
vt 0.709511 0.007039
vt 0.702827 0.041577
vt 0.574055 0.097346
vt 0.539797 0.097348
vt 0.466998 0.007039
vt 0.473681 0.041577
vt 0.604174 0.079383
vt 0.637775 0.086254
vt 0.726315 0.012278
vt 0.713205 0.044813
vt 0.572334 0.079383
vt 0.538734 0.086254
vt 0.450193 0.012278
vt 0.463303 0.044813
vt 0.712139 0.812447
vt 0.684986 0.812447
vt 0.684986 0.772239
vt 0.712139 0.772239
vt 0.712139 0.780856
vt 0.684986 0.780856
vt 0.762661 0.591916
vt 0.789813 0.591919
vt 0.789852 0.600407
vt 0.762699 0.600404
vt 0.762632 0.582181
vt 0.789784 0.582184
vt 0.762608 0.560502
vt 0.789761 0.560505
vt 0.789767 0.571577
vt 0.762614 0.571574
vt 0.762632 0.538667
vt 0.789784 0.538670
vt 0.789767 0.549393
vt 0.762614 0.549391
vt 0.762699 0.520000
vt 0.789852 0.520003
vt 0.789813 0.528746
vt 0.762661 0.528743
vt 0.789761 0.720339
vt 0.762608 0.720339
vt 0.762608 0.710508
vt 0.789761 0.710508
vt 0.762608 0.701891
vt 0.789761 0.701891
vt 0.789761 0.742100
vt 0.762608 0.742100
vt 0.762608 0.731007
vt 0.789761 0.731007
vt 0.789761 0.763861
vt 0.762608 0.763861
vt 0.762608 0.753194
vt 0.789761 0.753194
vt 0.789761 0.773692
vt 0.762608 0.773692
vt 0.762632 0.629171
vt 0.789784 0.629168
vt 0.789767 0.639776
vt 0.762614 0.639778
vt 0.789761 0.782309
vt 0.762608 0.782309
vt 0.789761 0.650848
vt 0.762608 0.650850
vt 0.762632 0.672686
vt 0.789784 0.672683
vt 0.789813 0.682607
vt 0.762661 0.682610
vt 0.762661 0.619437
vt 0.789813 0.619434
vt 0.789852 0.691350
vt 0.762699 0.691353
vt 0.762699 0.610949
vt 0.789852 0.610946
vt 0.789767 0.661959
vt 0.762614 0.661962
vt 0.684986 0.834208
vt 0.712139 0.834208
vt 0.712139 0.844039
vt 0.684986 0.844039
vt 0.712139 0.852656
vt 0.684986 0.852656
vt 0.712139 0.823541
vt 0.684986 0.823541
vt 0.419392 0.166195
vt 0.757936 0.159249
vt 0.757116 0.166195
vt 0.626952 0.166195
vt 0.722616 0.653903
vt 0.752318 0.653906
vt 0.993661 0.346094
vt 0.963959 0.346097
vt 0.626132 0.159249
vt 0.549530 0.160760
vt 0.549076 0.162611
vt 0.549086 0.164519
vt 0.549556 0.166195
vt 0.419863 0.164519
vt 0.419872 0.162611
vt 0.419419 0.160760
vt 0.757089 0.160760
vt 0.756636 0.162611
vt 0.756645 0.164519
vt 0.627423 0.164519
vt 0.627432 0.162611
vt 0.626979 0.160760
vt 0.963960 0.351531
vt 0.993662 0.351527
vt 0.963962 0.349672
vt 0.993664 0.349668
vt 0.963962 0.347764
vt 0.993664 0.347760
vt 0.752319 0.648473
vt 0.722617 0.648470
vt 0.752322 0.650332
vt 0.722620 0.650328
vt 0.752321 0.652240
vt 0.722619 0.652236
vn -0.7071 0.0000 0.7071
vn -0.5773 0.5773 0.5773
vn -0.5773 0.5773 -0.5773
vn -0.7071 0.0000 -0.7071
vn 0.4794 0.6456 -0.5943
vn 0.4968 0.3172 -0.8078
vn 0.4794 0.6456 0.5943
vn 0.4968 0.3172 0.8078
vn -0.5773 -0.5773 -0.5773
vn 0.4855 -0.6130 -0.6233
vn 0.4855 -0.6130 0.6233
vn -0.5773 -0.5773 0.5773
vn 0.1454 0.0671 0.9871
vn 0.5705 -0.0435 0.8201
vn 0.6806 -0.7327 0.0000
vn 0.5181 -0.2178 0.8271
vn 0.1454 0.0671 -0.9871
vn 0.0000 -0.3084 0.9512
vn 0.0000 -1.0000 0.0000
vn 0.0350 0.5948 -0.8031
vn 0.0944 0.1584 -0.9828
vn 0.0350 0.5948 0.8031
vn -0.0444 0.1750 -0.9836
vn -0.0613 0.6019 -0.7962
vn -0.7939 0.4529 -0.4057
vn -0.1215 0.1191 -0.9854
vn 0.0000 0.2286 -0.9735
vn -0.2440 0.5486 -0.7996
vn -0.6254 0.5873 0.5137
vn -0.6254 0.5873 -0.5137
vn 0.0000 -0.3084 -0.9512
vn 0.0000 -0.1248 -0.9922
vn 0.5705 -0.0435 -0.8201
vn 0.2415 -0.0192 -0.9702
vn 0.2041 -0.0836 -0.9753
vn 0.5181 -0.2178 -0.8271
vn 0.0000 0.2286 0.9735
vn 0.0000 -0.1248 0.9922
vn -0.0444 0.1750 0.9836
vn 0.2415 -0.0192 0.9702
vn 0.2041 -0.0836 0.9753
vn 0.0944 0.1584 0.9828
vn -0.1215 0.1191 0.9854
vn -0.2440 0.5486 0.7996
vn -0.0613 0.6019 0.7962
vn 0.2214 0.6858 0.6933
vn -0.2443 0.5504 0.7983
vn 0.2230 0.6825 0.6960
vn -0.2439 0.5477 0.8003
vn 0.2240 0.6804 0.6977
vn 0.2237 0.6811 0.6971
vn -0.2442 0.5495 0.7990
vn 0.2234 0.6818 0.6966
vn 0.2230 0.6825 -0.6960
vn -0.2443 0.5504 -0.7983
vn -0.6319 0.5806 -0.5132
vn 0.4128 0.7354 -0.5373
vn 0.2214 0.6858 -0.6933
vn 0.4064 0.7383 -0.5383
vn 0.4064 0.7383 0.5383
vn -0.6319 0.5806 0.5132
vn -0.2439 0.5477 -0.8003
vn -0.6358 0.5766 0.5130
vn -0.6358 0.5766 -0.5130
vn -0.6345 0.5780 0.5131
vn -0.6345 0.5780 -0.5131
vn 0.4154 0.7342 -0.5369
vn 0.2240 0.6804 -0.6977
vn 0.2237 0.6811 -0.6971
vn -0.2442 0.5495 -0.7990
vn 0.2234 0.6818 -0.6966
vn 0.4154 0.7342 0.5369
vn 0.4128 0.7354 0.5373
vn 0.4167 0.7336 0.5367
vn 0.4167 0.7336 -0.5367
vn -0.6333 0.5793 -0.5132
vn -0.6333 0.5793 0.5132
vn 0.4141 0.7348 0.5371
vn 0.4141 0.7348 -0.5371
vn 0.0034 -0.1215 0.9926
vn -0.4232 0.6697 0.6102
vn -0.7939 0.4529 0.4057
vn -0.4326 0.6682 -0.6052
vn 0.0901 0.7345 0.6726
vn 0.0810 0.7156 -0.6937
vn 0.0323 -0.9995 0.0000
vn 0.0103 -0.3096 0.9508
vn 0.0083 -0.1169 0.9931
vn -0.0034 -0.1281 -0.9917
vn 0.0103 -0.3096 -0.9508
vn 0.0398 -0.3103 -0.9498
vn 0.1218 -0.9925 0.0000
vn 0.1610 0.7011 0.6946
vn 0.1638 0.6770 -0.7175
vn 0.0398 -0.3103 0.9498
vn 0.0002 -0.1377 -0.9904
vn 0.0162 -0.1452 -0.9893
vn 0.0319 -0.1497 -0.9882
vn 0.0748 -0.3092 -0.9480
vn 0.2272 -0.9738 0.0000
vn 0.1549 0.7035 0.6936
vn 0.1621 0.6702 -0.7242
vn 0.0180 -0.1136 0.9933
vn 0.0777 -0.1502 -0.9856
vn 0.1133 -0.2823 -0.9526
vn 0.3373 -0.9414 0.0008
vn 0.1643 0.7020 0.6929
vn 0.1765 0.6494 -0.7396
vn 0.0748 -0.3092 0.9480
vn 0.0318 -0.1071 0.9937
vn 0.1195 -0.2731 0.9545
vn 0.0822 -0.0741 0.9938
vn 0.2383 0.6574 0.7148
vn 0.1379 -0.2046 0.9691
vn 0.1399 -0.2351 -0.9618
vn 0.4652 -0.8852 -0.0023
vn 0.2620 0.6137 -0.7447
vn 0.3705 0.5689 -0.7342
vn 0.9980 -0.0639 0.0000
vn 0.3541 0.5719 0.7400
vn -0.3194 0.0000 -0.9476
vn 0.1627 0.0000 -0.9867
vn 0.1986 0.3792 -0.9037
vn -0.3340 0.3803 -0.8624
vn 0.2937 0.7500 -0.5927
vn -0.3732 0.7418 -0.5572
vn 0.3575 0.9339 0.0000
vn -0.4004 0.9163 0.0000
vn 0.2937 0.7500 0.5927
vn -0.3732 0.7418 0.5572
vn 0.1986 0.3792 0.9037
vn -0.3340 0.3803 0.8624
vn 0.1627 0.0000 0.9867
vn -0.3194 0.0000 0.9476
vn 0.1986 -0.3792 0.9037
vn -0.3340 -0.3803 0.8624
vn 0.2937 -0.7500 0.5927
vn -0.3732 -0.7418 0.5572
vn 0.3575 -0.9339 0.0000
vn -0.4004 -0.9163 0.0000
vn 0.2937 -0.7500 -0.5927
vn -0.3732 -0.7418 -0.5572
vn 0.1986 -0.3792 -0.9037
vn 0.2787 -0.7663 -0.5788
vn 0.1998 -0.3924 -0.8978
vn -0.3340 -0.3803 -0.8624
vn -0.3677 -0.3746 0.8511
vn -0.4083 -0.7294 0.5489
vn -0.3614 -0.7586 0.5421
vn -0.3371 -0.3953 0.8545
vn -0.3730 0.9278 0.0000
vn -0.3614 0.7586 0.5421
vn 0.6479 0.6157 0.4485
vn 0.6394 0.7689 0.0000
vn -0.3526 0.0000 0.9358
vn -0.3251 0.0000 0.9456
vn -0.3677 0.3746 0.8511
vn -0.3371 0.3953 0.8545
vn -0.4083 0.7294 0.5489
vn -0.4363 0.8998 0.0000
vn -0.3677 -0.3746 -0.8511
vn -0.3526 0.0000 -0.9358
vn -0.3251 0.0000 -0.9456
vn -0.3371 -0.3953 -0.8545
vn -0.3677 0.3746 -0.8511
vn -0.3371 0.3953 -0.8545
vn -0.4083 0.7294 -0.5489
vn -0.3614 0.7586 -0.5421
vn -0.4083 -0.7294 -0.5489
vn -0.3614 -0.7586 -0.5421
vn -0.4363 -0.8998 0.0000
vn -0.3730 -0.9278 0.0000
vn 0.6648 0.0000 -0.7470
vn 0.6602 0.3102 -0.6840
vn 0.6479 0.6157 -0.4485
vn 0.6602 0.3102 0.6840
vn 0.6648 0.0000 0.7470
vn 0.6602 -0.3102 0.6840
vn 0.6479 -0.6157 0.4485
vn 0.6394 -0.7689 0.0000
vn 0.6479 -0.6157 -0.4485
vn 0.6602 -0.3102 -0.6840
vn 0.1998 -0.3924 0.8978
vn 0.1567 0.0000 0.9876
vn -0.6687 0.0000 0.7435
vn -0.6632 -0.2850 0.6921
vn 0.1998 0.3924 -0.8978
vn 0.2787 0.7663 -0.5788
vn 0.3113 -0.9503 0.0000
vn 0.2787 -0.7663 0.5788
vn 0.1998 0.3924 0.8978
vn 0.2787 0.7663 0.5788
vn 0.3113 0.9503 0.0000
vn 0.1567 0.0000 -0.9876
vn -0.6632 0.2850 -0.6921
vn -0.6687 0.0000 -0.7435
vn -0.6632 -0.2850 -0.6921
vn -0.6464 -0.5970 -0.4750
vn -0.6335 -0.7737 0.0000
vn -0.6464 -0.5970 0.4750
vn -0.6632 0.2850 0.6921
vn -0.6464 0.5970 0.4750
vn -0.6335 0.7737 0.0000
vn -0.6464 0.5970 -0.4750
vn 0.6852 -0.0731 0.7247
vn 0.6852 0.0731 0.7247
vn -0.6852 0.0731 0.7247
vn -0.6852 -0.0731 0.7247
vn 0.6711 -0.7308 -0.1249
vn 0.6852 -0.0731 -0.7247
vn 0.6852 0.0731 -0.7247
vn 0.6711 0.7308 -0.1249
vn 0.6711 0.7308 0.1249
vn 0.6711 -0.7308 0.1249
vn -0.6711 0.7308 -0.1249
vn -0.6711 0.7308 0.1249
vn -0.6711 -0.7308 0.1249
vn -0.6479 -0.6157 0.4485
vn -0.6602 -0.3102 0.6840
vn -0.6602 0.3102 0.6840
vn -0.6479 0.6157 0.4485
vn -0.6479 0.6157 -0.4485
vn -0.6602 0.3102 -0.6840
vn -0.6852 0.0731 -0.7247
vn -0.6852 -0.0731 -0.7247
vn -0.6602 -0.3102 -0.6840
vn -0.6479 -0.6157 -0.4485
vn -0.6711 -0.7308 -0.1249
vn 0.3016 -0.3854 -0.8720
vn 0.2805 -0.4024 -0.8714
vn 0.2688 0.0000 -0.9632
vn 0.2877 0.0000 -0.9577
vn -0.2767 -0.3890 -0.8787
vn 0.3210 -0.3824 -0.8664
vn 0.3066 0.0000 -0.9518
vn -0.2635 0.0000 -0.9646
vn 0.2972 -0.4005 -0.8667
vn 0.2853 0.0000 -0.9584
vn 0.3389 -0.7528 -0.5643
vn 0.3056 -0.7744 -0.5539
vn -0.3122 -0.7607 -0.5691
vn 0.3595 -0.7463 -0.5601
vn 0.3594 -0.7463 -0.5601
vn 0.3223 -0.7700 -0.5506
vn 0.3648 -0.9311 0.0000
vn 0.3184 -0.9479 0.0000
vn -0.3368 -0.9416 0.0000
vn 0.3862 -0.9224 0.0000
vn 0.3861 -0.9224 0.0000
vn 0.3349 -0.9422 0.0000
vn 0.3389 -0.7528 0.5643
vn 0.3056 -0.7744 0.5539
vn -0.3122 -0.7607 0.5691
vn 0.3595 -0.7463 0.5601
vn 0.3594 -0.7463 0.5601
vn 0.3223 -0.7700 0.5506
vn 0.3016 -0.3854 0.8720
vn 0.2805 -0.4024 0.8714
vn -0.2767 -0.3890 0.8787
vn 0.3210 -0.3824 0.8664
vn 0.2972 -0.4005 0.8667
vn 0.2877 0.0000 0.9577
vn 0.2688 0.0000 0.9632
vn -0.2635 0.0000 0.9646
vn 0.3066 0.0000 0.9518
vn 0.2853 0.0000 0.9584
vn 0.3016 0.3854 0.8720
vn 0.2805 0.4024 0.8714
vn -0.2767 0.3890 0.8787
vn 0.3210 0.3824 0.8664
vn 0.2972 0.4005 0.8667
vn 0.3389 0.7528 0.5643
vn 0.3056 0.7744 0.5539
vn -0.3122 0.7607 0.5691
vn 0.3595 0.7463 0.5601
vn 0.3594 0.7463 0.5601
vn 0.3223 0.7700 0.5506
vn 0.3648 0.9311 0.0000
vn 0.3184 0.9479 0.0000
vn -0.3368 0.9416 0.0000
vn 0.3862 0.9224 0.0000
vn 0.3861 0.9224 0.0000
vn 0.3349 0.9422 0.0000
vn 0.3389 0.7528 -0.5643
vn 0.3056 0.7744 -0.5539
vn -0.3122 0.7607 -0.5691
vn 0.3595 0.7463 -0.5601
vn 0.3594 0.7463 -0.5601
vn 0.3223 0.7700 -0.5506
vn 0.3016 0.3854 -0.8720
vn 0.2805 0.4024 -0.8714
vn -0.2767 0.3890 -0.8787
vn 0.3210 0.3824 -0.8664
vn 0.2972 0.4005 -0.8667
vn -0.2907 0.0000 -0.9568
vn -0.3048 0.3849 -0.8712
vn -0.3423 0.7518 -0.5636
vn -0.3682 0.9297 0.0000
vn -0.3423 0.7518 0.5636
vn -0.3048 0.3849 0.8712
vn -0.2907 0.0000 0.9568
vn -0.3048 -0.3849 0.8712
vn -0.3423 -0.7518 0.5636
vn -0.3682 -0.9297 0.0000
vn -0.3423 -0.7518 -0.5636
vn -0.3048 -0.3849 -0.8712
vn -0.3084 -0.3992 -0.8634
vn -0.2965 0.0000 -0.9550
vn -0.3334 -0.7670 -0.5482
vn -0.3458 -0.9383 0.0000
vn -0.3334 -0.7670 0.5482
vn -0.3084 -0.3992 0.8634
vn -0.2965 0.0000 0.9550
vn -0.3084 0.3992 0.8634
vn -0.3334 0.7670 0.5482
vn -0.3458 0.9383 0.0000
vn -0.3334 0.7670 -0.5482
vn -0.3084 0.3992 -0.8634
vn -0.2832 -0.4021 -0.8707
vn -0.2715 0.0000 -0.9624
vn -0.3083 -0.7738 -0.5534
vn -0.3211 -0.9470 0.0000
vn -0.3083 -0.7738 0.5534
vn -0.2832 -0.4021 0.8707
vn -0.2715 0.0000 0.9624
vn -0.2832 0.4021 0.8707
vn -0.3083 0.7738 0.5534
vn -0.3211 0.9470 0.0000
vn -0.3083 0.7738 -0.5534
vn -0.2832 0.4021 -0.8707
vn -0.2475 0.0000 -0.9689
vn -0.2588 0.4047 -0.8770
vn -0.2836 0.7798 -0.5581
vn -0.2966 0.9550 0.0000
vn -0.2836 0.7798 0.5581
vn -0.2588 0.4047 0.8770
vn -0.2475 0.0000 0.9689
vn -0.2588 -0.4047 0.8770
vn -0.2836 -0.7798 0.5581
vn -0.2966 -0.9550 0.0000
vn -0.2836 -0.7798 -0.5581
vn -0.2588 -0.4047 -0.8770
vn -0.2963 0.0000 -0.9551
vn -0.3104 0.3840 -0.8695
vn -0.3483 0.7499 -0.5624
vn -0.3745 0.9272 0.0000
vn -0.3483 0.7499 0.5624
vn -0.3104 0.3840 0.8695
vn -0.2963 0.0000 0.9551
vn -0.3104 -0.3840 0.8695
vn -0.3483 -0.7499 0.5624
vn -0.3745 -0.9272 0.0000
vn -0.3483 -0.7499 -0.5624
vn -0.3104 -0.3840 -0.8695
vn 0.3104 -0.3840 -0.8695
vn 0.2963 0.0000 -0.9551
vn -0.2881 -0.4016 -0.8693
vn -0.2763 0.0000 -0.9611
vn 0.3483 -0.7499 -0.5624
vn -0.3132 -0.7725 -0.5524
vn 0.3745 -0.9272 0.0000
vn -0.3260 -0.9454 0.0000
vn 0.3483 -0.7499 0.5624
vn -0.3132 -0.7725 0.5524
vn 0.3104 -0.3840 0.8695
vn -0.2881 -0.4016 0.8693
vn 0.2963 0.0000 0.9551
vn -0.2763 0.0000 0.9611
vn 0.3104 0.3840 0.8695
vn -0.2881 0.4016 0.8693
vn 0.3483 0.7499 0.5624
vn -0.3132 0.7725 0.5524
vn 0.3745 0.9272 0.0000
vn -0.3260 0.9454 0.0000
vn 0.3483 0.7499 -0.5624
vn -0.3132 0.7725 -0.5524
vn 0.3104 0.3840 -0.8695
vn -0.2881 0.4016 -0.8693
vn 0.2763 0.0000 -0.9611
vn 0.2881 0.4016 -0.8693
vn 0.3132 0.7725 -0.5524
vn 0.3260 0.9454 0.0000
vn 0.3132 0.7725 0.5524
vn 0.2881 0.4016 0.8693
vn 0.2763 0.0000 0.9611
vn 0.2881 -0.4016 0.8693
vn 0.3132 -0.7725 0.5524
vn 0.3260 -0.9454 0.0000
vn 0.3132 -0.7725 -0.5524
vn 0.2881 -0.4016 -0.8693
vn 0.7016 -0.0235 0.7121
vn 0.7025 0.0087 0.7116
vn -0.7025 0.0087 0.7116
vn -0.7016 -0.0235 0.7121
vn -0.7016 -0.0235 -0.7121
vn -0.7025 0.0087 -0.7116
vn 0.7025 0.0087 -0.7116
vn 0.7016 -0.0235 -0.7121
vn 1.0000 0.0000 0.0000
vn -1.0000 0.0000 0.0000
vn 0.6919 -0.3095 0.6523
vn 0.7016 -0.2438 0.6695
vn -0.7016 -0.2438 0.6695
vn -0.6919 -0.3095 0.6523
vn -0.6982 -0.3961 -0.5962
vn 0.6982 -0.3961 -0.5962
vn 0.7353 -0.3818 -0.5599
vn -0.7353 -0.3818 -0.5599
vn -0.6919 -0.3095 -0.6523
vn -0.7016 -0.2438 -0.6695
vn 0.7016 -0.2438 -0.6695
vn 0.6919 -0.3095 -0.6523
vn 0.6919 -0.7203 -0.0500
vn 0.7298 0.0000 0.6836
vn 0.6857 0.1420 0.7139
vn 0.6857 0.2785 0.6725
vn 0.6857 0.4044 0.6052
vn 0.6857 0.5147 0.5147
vn 0.6857 0.6052 0.4044
vn 0.6857 0.6725 0.2785
vn 0.6857 0.7139 0.1420
vn 0.6857 0.7279 0.0000
vn 0.6857 0.7139 -0.1420
vn 0.6857 0.6725 -0.2785
vn 0.6857 0.6052 -0.4044
vn 0.6857 0.5147 -0.5147
vn 0.6857 0.4044 -0.6052
vn 0.6857 0.2785 -0.6725
vn 0.6857 0.1420 -0.7139
vn 0.7298 0.0000 -0.6836
vn 0.6919 -0.7203 0.0500
vn 0.6857 -0.1420 -0.7139
vn 0.6857 -0.2785 -0.6725
vn 0.6857 -0.4044 -0.6052
vn 0.6857 -0.5147 -0.5147
vn 0.6857 -0.6052 -0.4044
vn 0.6857 -0.6725 -0.2785
vn 0.6857 -0.7139 -0.1420
vn 0.6857 -0.7279 0.0000
vn 0.6857 -0.7139 0.1420
vn 0.6857 -0.6725 0.2785
vn 0.6857 -0.6052 0.4044
vn 0.6857 -0.5147 0.5147
vn 0.6857 -0.4044 0.6052
vn 0.6857 -0.2785 0.6725
vn 0.6857 -0.1420 0.7139
vn -0.7298 0.0000 0.6836
vn -0.6857 -0.1420 0.7139
vn -0.6857 -0.2785 0.6725
vn -0.6857 -0.4044 0.6052
vn -0.6857 -0.5147 0.5147
vn -0.6857 -0.6052 0.4044
vn -0.6857 -0.6725 0.2785
vn -0.6857 -0.7139 0.1420
vn -0.6857 -0.7279 0.0000
vn -0.6857 -0.7139 -0.1420
vn -0.6857 -0.6725 -0.2785
vn -0.6857 -0.6052 -0.4044
vn -0.6857 -0.5147 -0.5147
vn -0.6857 -0.4044 -0.6052
vn -0.6857 -0.2785 -0.6725
vn -0.6857 -0.1420 -0.7139
vn -0.7298 0.0000 -0.6836
vn -0.6857 0.7139 -0.1420
vn -0.6857 0.7279 0.0000
vn -0.6857 0.5147 -0.5147
vn -0.6857 0.6052 -0.4044
vn -0.6857 0.6725 -0.2785
vn -0.6857 0.7139 0.1420
vn -0.6857 0.6725 0.2785
vn -0.6857 0.6052 0.4044
vn -0.6857 0.5147 0.5147
vn -0.6857 0.1420 -0.7139
vn -0.6857 0.4044 0.6052
vn -0.6857 0.2785 0.6725
vn -0.6857 0.4044 -0.6052
vn -0.6857 0.2785 -0.6725
vn -0.6857 0.1420 0.7139
vn -0.6919 -0.7203 -0.0500
vn -0.6919 -0.7203 0.0500
vn -0.7353 -0.3818 0.5599
vn 0.7353 -0.3818 0.5599
vn 0.6982 -0.3961 0.5962
vn -0.6982 -0.3961 0.5962
vn -0.6809 -0.7078 0.1879
vn -0.6834 -0.6443 0.3432
vn -0.6834 -0.5548 0.4745
vn -0.6809 -0.4334 0.5904
vn -0.6809 -0.4334 -0.5904
vn -0.6834 -0.5548 -0.4745
vn -0.6834 -0.6443 -0.3432
vn -0.6809 -0.7078 -0.1879
vn 0.6809 -0.4334 0.5904
vn 0.6834 -0.5548 0.4745
vn 0.6834 -0.6443 0.3432
vn 0.6809 -0.7078 0.1879
vn 0.6809 -0.7078 -0.1879
vn 0.6834 -0.6443 -0.3432
vn 0.6834 -0.5548 -0.4745
vn 0.6809 -0.4334 -0.5904
vn -0.7003 0.0452 0.7124
vn -0.7015 0.0845 0.7076
vn -0.7015 0.1196 0.7025
vn -0.7003 0.1586 0.6960
vn -0.6863 0.2495 0.6832
vn -0.6863 0.2495 -0.6832
vn -0.7003 0.1586 -0.6960
vn -0.7015 0.1196 -0.7025
vn -0.7015 0.0845 -0.7076
vn -0.7003 0.0452 -0.7124
vn 0.7003 0.0452 -0.7124
vn 0.7015 0.0845 -0.7076
vn 0.7015 0.1196 -0.7025
vn 0.7003 0.1586 -0.6960
vn 0.6863 0.2495 -0.6832
vn 0.6863 0.2495 0.6832
vn 0.7003 0.1586 0.6960
vn 0.7015 0.1196 0.7025
vn 0.7015 0.0845 0.7076
vn 0.7003 0.0452 0.7124
vn -0.6989 -0.0674 -0.7120
vn -0.7004 -0.1145 -0.7045
vn -0.7004 -0.1565 -0.6963
vn -0.6989 -0.2030 -0.6858
vn 0.6989 -0.2030 -0.6858
vn 0.7004 -0.1565 -0.6963
vn 0.7004 -0.1145 -0.7045
vn 0.6989 -0.0674 -0.7120
vn 0.6989 -0.0674 0.7120
vn 0.7004 -0.1145 0.7045
vn 0.7004 -0.1565 0.6963
vn 0.6989 -0.2030 0.6858
vn -0.6989 -0.2030 0.6858
vn -0.7004 -0.1565 0.6963
vn -0.7004 -0.1145 0.7045
vn -0.6989 -0.0674 0.7120
vn -0.6983 0.0000 -0.7158
vn 0.6983 0.0000 -0.7158
vn 0.6983 -0.1396 -0.7020
vn -0.6983 -0.1396 -0.7020
vn 0.6983 -0.2739 -0.6613
vn -0.6983 -0.2739 -0.6613
vn 0.9993 0.0348 0.0141
vn 0.7162 0.3893 0.5792
vn 0.7103 0.5093 0.4858
vn 0.9993 0.0348 -0.0141
vn 0.7103 0.5093 -0.4858
vn 0.7162 0.3893 -0.5792
vn 0.6983 -0.2739 0.6613
vn -0.6983 -0.2739 0.6613
vn 0.6983 -0.1396 0.7020
vn -0.6983 -0.1396 0.7020
vn 0.6983 0.0000 0.7158
vn -0.6983 0.0000 0.7158
vn 0.6983 0.1396 0.7020
vn -0.6983 0.1396 0.7020
vn 0.6983 0.2739 0.6613
vn -0.6983 0.2739 0.6613
vn 0.6983 0.3977 0.5951
vn -0.6983 0.3977 0.5951
vn 0.6983 0.5061 0.5061
vn -0.6983 0.5061 0.5061
vn 0.6983 0.5951 0.3977
vn -0.6983 0.5951 0.3977
vn 0.6983 0.6613 0.2739
vn -0.6983 0.6613 0.2739
vn 0.6983 0.7020 0.1396
vn -0.6983 0.7020 0.1396
vn 0.6983 0.7158 0.0000
vn -0.6983 0.7158 0.0000
vn 0.6983 0.7020 -0.1396
vn -0.6983 0.7020 -0.1396
vn 0.6983 0.6613 -0.2739
vn -0.6983 0.6613 -0.2739
vn 0.6983 0.5951 -0.3977
vn -0.6983 0.5951 -0.3977
vn 0.6983 0.5061 -0.5061
vn -0.6983 0.5061 -0.5061
vn 0.6983 0.3977 -0.5951
vn -0.6983 0.3977 -0.5951
vn 0.6983 0.2739 -0.6613
vn -0.6983 0.2739 -0.6613
vn 0.6983 0.1396 -0.7020
vn -0.6983 0.1396 -0.7020
vn -0.7161 -0.3877 -0.5803
vn -0.7161 -0.2671 -0.6448
vn -0.6583 0.6995 -0.2782
vn 0.6583 0.6995 -0.2782
vn 0.6578 0.7388 -0.1465
vn -0.6578 0.7388 -0.1465
vn -0.7161 -0.4935 0.4935
vn -0.7161 -0.5803 0.3877
vn 0.7161 -0.2671 -0.6448
vn 0.7161 -0.3877 -0.5803
vn -0.7161 0.2671 0.6448
vn -0.7161 0.1361 0.6845
vn 0.7161 -0.5803 0.3877
vn 0.7161 -0.4935 0.4935
vn 0.7161 0.1361 0.6845
vn 0.7161 0.2671 0.6448
vn -0.7161 -0.4935 -0.4935
vn -0.7161 -0.3877 0.5803
vn 0.7161 -0.4935 -0.4935
vn -0.7162 0.3893 0.5792
vn 0.7161 -0.3877 0.5803
vn -0.7161 -0.5803 -0.3877
vn -0.7161 -0.2671 0.6448
vn 0.7161 -0.5803 -0.3877
vn -0.7103 0.5093 0.4858
vn -0.9993 0.0348 0.0141
vn -0.9997 0.0245 0.0047
vn -0.9992 0.0392 0.0000
vn -0.7004 0.7137 0.0000
vn -0.6578 0.7388 0.1465
vn -0.6583 0.6995 0.2782
vn -0.6597 0.6361 0.4002
vn 0.7161 -0.2671 0.6448
vn -0.9997 0.0245 -0.0047
vn -0.9993 0.0348 -0.0141
vn -0.7103 0.5093 -0.4858
vn -0.6597 0.6361 -0.4002
vn 0.6597 0.6361 0.4002
vn 0.6583 0.6995 0.2782
vn 0.6578 0.7388 0.1465
vn 0.7004 0.7137 0.0000
vn 0.9992 0.0392 0.0000
vn 0.9997 0.0245 0.0047
vn -0.7161 -0.6448 -0.2671
vn 0.6597 0.6361 -0.4002
vn 0.9997 0.0245 -0.0047
vn -0.7161 -0.1361 0.6845
vn 0.7161 -0.6448 -0.2671
vn 0.7161 -0.1361 0.6845
vn -0.7161 0.2671 -0.6448
vn -0.7162 0.3893 -0.5792
vn -0.7161 -0.6845 -0.1361
vn 0.7161 0.2671 -0.6448
vn -0.7161 0.0000 0.6979
vn 0.7161 -0.6845 -0.1361
vn 0.7161 0.0000 0.6979
vn -0.7161 0.1361 -0.6845
vn -0.7161 -0.6979 0.0000
vn 0.7161 0.1361 -0.6845
vn 0.7161 -0.6979 0.0000
vn -0.7161 0.0000 -0.6979
vn -0.7161 -0.6845 0.1361
vn 0.7161 0.0000 -0.6979
vn 0.7161 -0.6845 0.1361
vn -0.7161 -0.1361 -0.6845
vn -0.7161 -0.6448 0.2671
vn 0.7161 -0.1361 -0.6845
vn 0.7161 -0.6448 0.2671
vn 0.7261 0.2443 -0.6427
vn -0.7261 0.2443 -0.6427
vn -0.7261 0.2443 0.6427
vn 0.7261 0.2443 0.6427
vn 0.6774 -0.2760 0.6818
vn 0.6799 -0.0884 0.7279
vn 0.6774 0.1048 0.7281
vn 0.6774 0.1048 -0.7281
vn 0.6799 -0.0884 -0.7279
vn 0.6774 -0.2760 -0.6818
vn -0.6774 -0.2760 -0.6818
vn -0.6799 -0.0884 -0.7279
vn -0.6774 0.1048 -0.7281
vn -0.6774 0.1048 0.7281
vn -0.6799 -0.0884 0.7279
vn -0.6774 -0.2760 0.6818
usemtl Knife
s 1
f 9/1/1 2/2/2 4/3/3 10/4/4
f 10/5/4 4/6/3 8/7/5 11/8/6
f 11/9/6 8/10/5 6/11/7 12/12/8
f 12/13/8 6/14/7 2/15/2 9/16/1
f 3/17/9 7/18/10 5/19/11 1/20/12
f 8/21/5 4/22/3 2/23/2 6/24/7
f 38/25/13 12/13/8 9/16/1 35/26/1
f 29/27/14 5/28/11 13/29/15 31/30/16
f 36/31/4 10/5/4 11/8/6 37/32/17
f 35/33/1 9/1/1 10/4/4 36/34/4
f 201/35/18 196/36/19 16/37/19 33/38/18
f 5/19/11 7/18/10 13/39/15
f 37/32/17 11/8/6 14/40/20 39/41/21
f 11/42/6 12/43/8 15/44/22 14/45/20
f 41/46/23 17/47/24 246/48/25 252/49/26
f 203/50/27 197/51/28 17/47/24 41/46/23
f 14/52/20 15/53/22 206/54/29 205/55/30
f 200/56/31 198/57/32 25/58/32 32/59/31
f 32/59/31 25/58/32 248/60/32 250/61/31
f 28/62/33 20/63/34 23/64/35 30/65/36
f 202/66/37 199/67/38 26/68/38 42/69/39
f 34/70/1 22/71/1 19/72/4 27/73/4
f 27/74/4 19/75/4 20/76/34 28/77/33
f 38/25/13 21/78/40 24/79/41 40/80/42
f 29/81/14 21/78/40 22/82/1 34/83/1
f 5/84/11 29/81/14 34/83/1 1/85/12
f 3/86/9 27/74/4 28/77/33 7/87/10
f 1/88/12 34/70/1 27/73/4 3/89/9
f 7/90/10 28/62/33 30/65/36 13/91/15
f 42/69/39 26/68/38 249/92/38 253/93/43
f 196/94/19 200/56/31 32/59/31 16/95/19
f 199/67/38 201/35/18 33/38/18 26/68/38
f 21/96/40 29/27/14 31/30/16 24/97/41
f 12/13/8 38/25/13 40/80/42 15/98/22
f 204/99/44 202/66/37 42/69/39 18/100/45
f 198/57/32 203/50/27 41/46/23 25/58/32
f 20/76/34 37/32/17 39/41/21 23/101/35
f 22/71/1 35/33/1 36/34/4 19/72/4
f 19/75/4 36/31/4 37/32/17 20/76/34
f 21/78/40 38/25/13 35/26/1 22/82/1
f 23/101/35 39/41/21 115/102/27 70/103/32
f 127/104/32 132/105/27 116/106/27 71/107/32
f 136/108/32 141/109/27 117/110/27 72/111/32
f 145/112/32 150/113/27 118/114/27 73/115/32
f 154/116/32 159/117/27 119/118/27 74/119/32
f 163/120/32 168/121/27 120/122/27 75/123/32
f 172/124/32 177/125/27 121/126/27 76/127/32
f 181/128/32 186/129/27 122/130/27 77/131/32
f 190/132/32 195/133/27 123/134/27 78/135/32
f 15/98/22 40/80/42 106/136/37 60/137/46
f 125/138/47 131/139/37 107/140/37 59/141/48
f 134/142/49 140/143/37 108/144/37 58/145/50
f 143/146/47 149/147/37 109/148/37 57/149/48
f 152/150/44 158/151/37 110/152/37 56/153/51
f 161/154/49 167/155/37 111/156/37 55/157/50
f 170/158/47 176/159/37 112/160/37 54/161/48
f 179/162/44 185/163/37 113/164/37 53/165/51
f 188/166/52 194/167/37 114/168/37 52/169/53
f 24/79/41 31/170/16 97/171/18 79/172/38
f 128/173/38 130/174/18 98/175/18 80/176/38
f 137/177/38 139/178/18 99/179/18 81/180/38
f 146/181/38 148/182/18 100/183/18 82/184/38
f 155/185/38 157/186/18 101/187/18 83/188/38
f 164/189/38 166/190/18 102/191/18 84/192/38
f 173/193/38 175/194/18 103/195/18 85/196/38
f 182/197/38 184/198/18 104/199/18 86/200/38
f 191/201/38 193/202/18 105/203/18 87/204/38
f 13/205/15 30/206/36 88/207/31 43/208/19
f 124/209/19 129/210/31 89/211/31 44/212/19
f 133/213/19 138/214/31 90/215/31 45/216/19
f 142/217/19 147/218/31 91/219/31 46/220/19
f 151/221/19 156/222/31 92/223/31 47/224/19
f 160/225/19 165/226/31 93/227/31 48/228/19
f 169/229/19 174/230/31 94/231/31 49/232/19
f 178/233/19 183/234/31 95/235/31 50/236/19
f 187/237/19 192/238/31 96/239/31 51/240/19
f 40/80/42 24/79/41 79/172/38 106/136/37
f 131/139/37 128/173/38 80/176/38 107/140/37
f 140/143/37 137/177/38 81/180/38 108/144/37
f 149/147/37 146/181/38 82/184/38 109/148/37
f 158/151/37 155/185/38 83/188/38 110/152/37
f 167/155/37 164/189/38 84/192/38 111/156/37
f 176/159/37 173/193/38 85/196/38 112/160/37
f 185/163/37 182/197/38 86/200/38 113/164/37
f 194/167/37 191/201/38 87/204/38 114/168/37
f 30/206/36 23/101/35 70/103/32 88/207/31
f 129/210/31 127/104/32 71/107/32 89/211/31
f 138/214/31 136/108/32 72/111/32 90/215/31
f 147/218/31 145/112/32 73/115/32 91/219/31
f 156/222/31 154/116/32 74/119/32 92/223/31
f 165/226/31 163/120/32 75/123/32 93/227/31
f 174/230/31 172/124/32 76/127/32 94/231/31
f 183/234/31 181/128/32 77/131/32 95/235/31
f 192/238/31 190/132/32 78/135/32 96/239/31
f 62/241/54 126/242/55 212/243/56 213/244/57
f 60/245/46 61/246/58 211/247/59 209/248/60
f 61/249/58 14/40/20 205/250/30 211/251/59
f 126/252/55 125/253/47 236/254/61 212/255/56
f 144/256/55 143/257/47 238/258/61 216/259/56
f 162/260/62 161/261/49 240/262/63 220/263/64
f 180/264/28 179/265/44 242/266/65 224/267/66
f 17/47/24 197/51/28 210/268/66 207/269/67
f 15/98/22 60/137/46 209/270/60 206/271/29
f 39/41/21 14/40/20 61/249/58 115/102/27
f 132/105/27 126/242/55 62/241/54 116/106/27
f 141/109/27 135/272/62 63/273/68 117/110/27
f 150/113/27 144/274/55 64/275/54 118/114/27
f 159/117/27 153/276/28 65/277/69 119/118/27
f 168/121/27 162/278/62 66/279/68 120/122/27
f 177/125/27 171/280/55 67/281/54 121/126/27
f 186/129/27 180/282/28 68/283/69 122/130/27
f 195/133/27 189/284/70 69/285/71 123/134/27
f 31/170/16 13/286/15 43/287/19 97/171/18
f 130/174/18 124/288/19 44/289/19 98/175/18
f 139/178/18 133/290/19 45/291/19 99/179/18
f 148/182/18 142/292/19 46/293/19 100/183/18
f 157/186/18 151/294/19 47/295/19 101/187/18
f 166/190/18 160/296/19 48/297/19 102/191/18
f 175/194/18 169/298/19 49/299/19 103/195/18
f 184/198/18 178/300/19 50/301/19 104/199/18
f 193/202/18 187/302/19 51/303/19 105/203/18
f 97/171/18 43/287/19 124/288/19 130/174/18
f 115/102/27 61/249/58 126/242/55 132/105/27
f 61/304/58 60/305/46 125/306/47 126/307/55
f 88/207/31 70/103/32 127/104/32 129/210/31
f 106/136/37 79/172/38 128/173/38 131/139/37
f 43/208/19 88/207/31 129/210/31 124/209/19
f 79/172/38 97/171/18 130/174/18 128/173/38
f 60/137/46 106/136/37 131/139/37 125/138/47
f 70/103/32 115/102/27 132/105/27 127/104/32
f 98/175/18 44/289/19 133/290/19 139/178/18
f 116/106/27 62/241/54 135/272/62 141/109/27
f 62/308/54 59/309/48 134/310/49 135/311/62
f 89/211/31 71/107/32 136/108/32 138/214/31
f 107/140/37 80/176/38 137/177/38 140/143/37
f 44/212/19 89/211/31 138/214/31 133/213/19
f 80/176/38 98/175/18 139/178/18 137/177/38
f 59/141/48 107/140/37 140/143/37 134/142/49
f 71/107/32 116/106/27 141/109/27 136/108/32
f 99/179/18 45/291/19 142/292/19 148/182/18
f 117/110/27 63/273/68 144/274/55 150/113/27
f 63/312/68 58/313/50 143/314/47 144/315/55
f 90/215/31 72/111/32 145/112/32 147/218/31
f 108/144/37 81/180/38 146/181/38 149/147/37
f 45/216/19 90/215/31 147/218/31 142/217/19
f 81/180/38 99/179/18 148/182/18 146/181/38
f 58/145/50 108/144/37 149/147/37 143/146/47
f 72/111/32 117/110/27 150/113/27 145/112/32
f 100/183/18 46/293/19 151/294/19 157/186/18
f 118/114/27 64/275/54 153/276/28 159/117/27
f 64/316/54 57/317/48 152/318/44 153/319/28
f 91/219/31 73/115/32 154/116/32 156/222/31
f 109/148/37 82/184/38 155/185/38 158/151/37
f 46/220/19 91/219/31 156/222/31 151/221/19
f 82/184/38 100/183/18 157/186/18 155/185/38
f 57/149/48 109/148/37 158/151/37 152/150/44
f 73/115/32 118/114/27 159/117/27 154/116/32
f 101/187/18 47/295/19 160/296/19 166/190/18
f 119/118/27 65/277/69 162/278/62 168/121/27
f 65/320/69 56/321/51 161/322/49 162/323/62
f 92/223/31 74/119/32 163/120/32 165/226/31
f 110/152/37 83/188/38 164/189/38 167/155/37
f 47/224/19 92/223/31 165/226/31 160/225/19
f 83/188/38 101/187/18 166/190/18 164/189/38
f 56/153/51 110/152/37 167/155/37 161/154/49
f 74/119/32 119/118/27 168/121/27 163/120/32
f 102/191/18 48/297/19 169/298/19 175/194/18
f 120/122/27 66/279/68 171/280/55 177/125/27
f 66/324/68 55/325/50 170/326/47 171/327/55
f 93/227/31 75/123/32 172/124/32 174/230/31
f 111/156/37 84/192/38 173/193/38 176/159/37
f 48/228/19 93/227/31 174/230/31 169/229/19
f 84/192/38 102/191/18 175/194/18 173/193/38
f 55/157/50 111/156/37 176/159/37 170/158/47
f 75/123/32 120/122/27 177/125/27 172/124/32
f 103/195/18 49/299/19 178/300/19 184/198/18
f 121/126/27 67/281/54 180/282/28 186/129/27
f 67/328/54 54/329/48 179/330/44 180/331/28
f 94/231/31 76/127/32 181/128/32 183/234/31
f 112/160/37 85/196/38 182/197/38 185/163/37
f 49/232/19 94/231/31 183/234/31 178/233/19
f 85/196/38 103/195/18 184/198/18 182/197/38
f 54/161/48 112/160/37 185/163/37 179/162/44
f 76/127/32 121/126/27 186/129/27 181/128/32
f 104/199/18 50/301/19 187/302/19 193/202/18
f 122/130/27 68/283/69 189/284/70 195/133/27
f 68/332/69 53/333/51 188/334/52 189/335/70
f 95/235/31 77/131/32 190/132/32 192/238/31
f 113/164/37 86/200/38 191/201/38 194/167/37
f 50/236/19 95/235/31 192/238/31 187/237/19
f 86/200/38 104/199/18 193/202/18 191/201/38
f 53/165/51 113/164/37 194/167/37 188/166/52
f 77/131/32 122/130/27 195/133/27 190/132/32
f 78/135/32 123/134/27 203/50/27 198/57/32
f 52/169/53 114/168/37 202/66/37 204/99/44
f 87/204/38 105/203/18 201/35/18 199/67/38
f 51/240/19 96/239/31 200/56/31 196/94/19
f 114/168/37 87/204/38 199/67/38 202/66/37
f 96/239/31 78/135/32 198/57/32 200/56/31
f 69/336/71 52/337/53 204/338/44 197/339/28
f 123/134/27 69/285/71 197/51/28 203/50/27
f 105/203/18 51/303/19 196/36/19 201/35/18
f 210/340/66 244/341/65 208/342/72 207/343/67
f 205/344/30 206/345/29 209/346/60 211/347/59
f 212/348/56 236/349/61 228/350/73 213/351/57
f 214/352/64 237/353/63 229/354/74 215/355/75
f 216/356/56 238/357/61 230/358/73 217/359/57
f 218/360/66 239/361/65 231/362/72 219/363/67
f 220/364/64 240/365/63 232/366/74 221/367/75
f 222/368/56 241/369/61 233/370/73 223/371/57
f 224/372/66 242/373/65 234/374/72 225/375/67
f 226/376/76 243/377/77 235/378/78 227/379/79
f 179/162/44 53/165/51 234/380/72 242/381/65
f 161/154/49 55/157/50 232/382/74 240/383/63
f 143/146/47 57/149/48 230/384/73 238/385/61
f 59/386/48 62/387/54 213/388/57 228/389/73
f 63/273/68 135/272/62 214/390/64 215/391/75
f 125/138/47 59/141/48 228/392/73 236/393/61
f 58/394/50 63/395/68 215/396/75 229/397/74
f 64/275/54 144/274/55 216/398/56 217/399/57
f 197/400/28 204/401/44 244/402/65 210/403/66
f 57/404/48 64/405/54 217/406/57 230/407/73
f 65/277/69 153/276/28 218/408/66 219/409/67
f 66/279/68 162/278/62 220/410/64 221/411/75
f 56/412/51 65/413/69 219/414/67 231/415/72
f 189/416/70 188/417/52 243/418/77 226/419/76
f 171/420/55 170/421/47 241/422/61 222/423/56
f 55/424/50 66/425/68 221/426/75 232/427/74
f 67/281/54 171/280/55 222/428/56 223/429/57
f 153/430/28 152/431/44 239/432/65 218/433/66
f 135/434/62 134/435/49 237/436/63 214/437/64
f 54/438/48 67/439/54 223/440/57 233/441/73
f 68/283/69 180/282/28 224/442/66 225/443/67
f 53/444/51 68/445/69 225/446/67 234/447/72
f 69/285/71 189/284/70 226/448/76 227/449/79
f 188/166/52 52/169/53 235/450/78 243/451/77
f 204/99/44 18/100/45 208/452/72 244/453/65
f 170/158/47 54/161/48 233/454/73 241/455/61
f 152/150/44 56/153/51 231/456/72 239/457/65
f 134/142/49 58/145/50 229/458/74 237/459/63
f 52/460/53 69/461/71 227/462/79 235/463/78
f 18/464/45 17/465/24 207/466/67 208/467/72
f 251/468/18 245/469/19 254/470/19 260/471/18
f 253/93/43 249/92/38 258/472/80 256/473/81
f 249/92/38 251/468/18 260/471/18 258/472/80
f 33/38/18 16/37/19 245/469/19 251/468/18
f 18/100/45 42/69/39 253/93/43 247/474/82
f 26/68/38 33/38/18 251/468/18 249/92/38
f 17/475/24 18/476/45 247/477/82 246/478/25
f 16/95/19 32/59/31 250/61/31 245/479/19
f 25/58/32 41/46/23 252/49/26 248/60/32
f 255/480/83 256/481/81 263/482/84 262/483/85
f 260/471/18 254/470/19 261/484/86 267/485/87
f 256/473/81 258/472/80 265/486/88 263/487/84
f 246/488/25 247/489/82 256/490/81 255/491/83
f 252/492/26 246/488/25 255/491/83
f 245/479/19 250/61/31 259/493/31 254/494/19
f 250/61/31 248/60/32 257/495/89 259/493/31
f 248/60/32 252/49/26 255/496/83 257/495/89
f 247/489/82 253/497/43 256/490/81
f 261/498/86 266/499/90 273/500/91 268/501/92
f 262/483/85 263/482/84 270/502/93 269/503/94
f 267/485/87 261/484/86 268/504/92 274/505/95
f 254/494/19 259/493/31 266/499/90 261/498/86
f 259/493/31 257/495/89 264/506/96 266/499/90
f 257/495/89 255/496/83 262/507/85 264/506/96
f 258/472/80 260/471/18 267/485/87 265/486/88
f 273/500/91 271/508/97 278/509/98 280/510/99
f 268/501/92 273/500/91 280/510/99 275/511/100
f 269/503/94 270/502/93 277/512/101 276/513/102
f 266/499/90 264/506/96 271/508/97 273/500/91
f 264/506/96 262/507/85 269/514/94 271/508/97
f 265/486/88 267/485/87 274/505/95 272/515/103
f 263/487/84 265/486/88 272/515/103 270/516/93
f 280/510/99 278/509/98 285/517/104 287/518/105
f 275/511/100 280/510/99 287/518/105 282/519/106
f 276/513/102 277/512/101 284/520/107 283/521/108
f 271/508/97 269/514/94 276/522/102 278/509/98
f 272/515/103 274/505/95 281/523/109 279/524/110
f 270/516/93 272/515/103 279/524/110 277/525/101
f 274/505/95 268/504/92 275/526/100 281/523/109
f 278/509/98 276/522/102 283/527/108 285/517/104
f 279/524/110 281/523/109 288/528/111 286/529/112
f 277/525/101 279/524/110 286/529/112 284/530/107
f 281/523/109 275/526/100 282/531/106 288/528/111
f 284/530/107 286/529/112 291/532/113
f 286/529/112 288/528/111 293/533/114 291/532/113
f 282/519/106 287/518/105 292/534/115 289/535/116
f 283/521/108 284/520/107 291/536/113 290/537/117
f 285/517/104 283/527/108 290/538/117
f 287/518/105 285/517/104 290/538/117 292/534/115
f 288/528/111 282/531/106 289/539/116 293/533/114
f 289/535/116 292/534/115 295/540/118 294/541/119
f 292/534/115 290/538/117 295/540/118
f 293/533/114 289/539/116 294/542/119 296/543/120
f 291/532/113 293/533/114 296/543/120
f 296/544/120 294/545/119 295/546/118
f 291/536/113 296/544/120 295/546/118 290/537/117
usemtl Handle
f 461/547/121 298/548/122 300/549/123 462/550/124
f 462/550/124 300/549/123 302/551/125 463/552/126
f 463/553/126 302/554/125 304/555/127 464/556/128
f 464/556/128 304/555/127 306/557/129 465/558/130
f 465/559/130 306/560/129 308/561/131 466/562/132
f 466/562/132 308/561/131 310/563/133 467/564/134
f 467/564/134 310/563/133 312/565/135 468/566/136
f 468/566/136 312/565/135 314/567/137 469/568/138
f 469/569/138 314/570/137 316/571/139 470/572/140
f 470/572/140 316/571/139 318/573/141 471/574/142
f 320/575/143 318/576/141 355/577/144 356/578/145
f 471/579/142 318/576/141 320/575/143 472/580/146
f 472/580/146 320/575/143 298/548/122 461/547/121
f 311/581/147 313/582/148 329/583/149 328/584/150
f 324/585/151 325/586/152 337/587/153 336/588/154
f 309/589/155 311/590/147 328/591/150 327/592/156
f 307/593/157 309/589/155 327/592/156 326/594/158
f 305/595/159 307/596/157 326/597/158 325/598/152
f 303/599/160 305/595/159 325/598/152 324/600/151
f 319/601/161 297/602/162 321/603/163 332/604/164
f 297/602/162 299/605/165 322/606/166 321/603/163
f 301/607/167 303/599/160 324/600/151 323/608/168
f 317/609/169 319/610/161 332/611/164 331/612/170
f 299/613/165 301/607/167 323/608/168 322/614/166
f 315/615/171 317/609/169 331/612/170 330/616/172
f 313/582/148 315/615/171 330/616/172 329/583/149
f 333/617/173 334/618/174 335/619/175 336/620/154 337/621/153 338/622/176 339/623/177 340/624/178 341/625/179 342/626/180 343/627/181 344/628/182
f 331/629/170 332/604/164 344/630/182 343/631/181
f 321/603/163 322/606/166 334/632/174 333/633/173
f 328/591/150 329/634/149 341/635/179 340/636/178
f 325/637/152 326/594/158 338/638/176 337/639/153
f 332/604/164 321/603/163 333/633/173 344/630/182
f 322/606/166 323/640/168 335/641/175 334/632/174
f 329/642/149 330/643/172 342/644/180 341/645/179
f 326/594/158 327/592/156 339/646/177 338/638/176
f 323/647/168 324/585/151 336/588/154 335/648/175
f 330/643/172 331/649/170 343/650/181 342/644/180
f 327/592/156 328/591/150 340/636/178 339/646/177
f 352/651/183 351/652/184 363/653/185 364/654/186
f 302/551/125 300/549/123 346/655/187 347/656/188
f 318/573/141 316/571/139 354/657/189 355/658/144
f 316/571/139 314/570/137 353/659/190 354/657/189
f 314/567/137 312/565/135 352/651/183 353/660/190
f 312/565/135 310/563/133 351/652/184 352/651/183
f 310/563/133 308/561/131 350/661/191 351/652/184
f 308/561/131 306/560/129 349/662/192 350/661/191
f 306/557/129 304/555/127 348/663/193 349/664/192
f 298/548/122 320/575/143 356/578/145 345/665/194
f 300/549/123 298/548/122 345/665/194 346/655/187
f 304/555/127 302/554/125 347/666/188 348/663/193
f 358/667/195 357/668/196 368/669/197 367/670/198 366/671/199 365/672/200 364/673/186 363/674/185 362/675/201 361/676/202 360/677/203 359/678/204
f 349/664/192 348/663/193 360/679/203 361/680/202
f 356/578/145 355/577/144 367/681/198 368/682/197
f 346/655/187 345/665/194 357/683/196 358/684/195
f 353/660/190 352/651/183 364/654/186 365/685/200
f 350/661/191 349/662/192 361/686/202 362/687/201
f 345/665/194 356/578/145 368/682/197 357/683/196
f 347/656/188 346/655/187 358/684/195 359/688/204
f 354/657/189 353/659/190 365/689/200 366/690/199
f 351/652/184 350/661/191 362/687/201 363/653/185
f 348/663/193 347/666/188 359/691/204 360/679/203
f 355/658/144 354/657/189 366/690/199 367/692/198
f 385/693/205 390/694/206 373/695/207 370/696/208
f 393/697/209 395/698/181 396/699/182 394/700/210 397/701/211 399/702/174 400/703/175 398/704/212 389/705/213 391/706/153 392/707/176 390/708/206 385/709/205 387/710/178 388/711/179 386/712/214
f 398/713/212 381/714/215 374/715/216 389/716/213
f 369/717/217 371/718/218 372/719/219 370/720/208 373/721/207 375/722/220 376/723/221 374/724/216 381/725/215 383/726/222 384/727/223 382/728/224 377/729/225 379/730/226 380/731/227 378/732/228
f 377/733/225 382/734/224 397/735/211 394/736/210
f 393/737/209 378/738/228 380/739/227 395/740/181
f 395/741/181 380/742/227 379/743/226 396/744/182
f 396/744/182 379/743/226 377/733/225 394/736/210
f 381/714/215 398/713/212 400/745/175 383/746/222
f 383/747/222 400/748/175 399/749/174 384/750/223
f 384/750/223 399/749/174 397/735/211 382/734/224
f 369/751/217 386/752/214 388/753/179 371/754/218
f 371/755/218 388/756/179 387/757/178 372/758/219
f 372/758/219 387/757/178 385/693/205 370/696/208
f 389/716/213 374/715/216 376/759/221 391/760/153
f 391/761/153 376/762/221 375/763/220 392/764/176
f 392/764/176 375/763/220 373/695/207 390/694/206
f 378/738/228 393/737/209 386/752/214 369/751/217
f 543/765/229 436/766/230 401/767/231 544/768/232
f 520/769/233 435/770/234 402/771/235 509/772/236
f 459/773/234 434/774/237 403/775/238 438/776/235
f 542/777/239 433/778/240 436/766/230 543/765/229
f 519/779/241 432/780/242 435/770/234 520/769/233
f 457/781/243 431/782/244 434/774/237 459/773/234
f 541/783/245 430/784/246 433/785/240 542/786/239
f 518/787/247 429/788/248 432/789/242 519/790/241
f 455/791/249 428/792/250 431/793/244 457/794/243
f 540/795/251 427/796/252 430/784/246 541/783/245
f 517/797/253 426/798/254 429/788/248 518/787/247
f 453/799/255 425/800/256 428/792/250 455/791/249
f 539/801/257 424/802/258 427/803/252 540/804/251
f 516/805/259 423/806/260 426/807/254 517/808/253
f 451/809/260 422/810/261 425/811/256 453/812/255
f 538/813/262 421/814/263 424/802/258 539/801/257
f 515/815/264 420/816/265 423/806/260 516/805/259
f 449/817/265 419/818/266 422/810/261 451/809/260
f 537/819/267 418/820/268 421/814/263 538/813/262
f 514/821/269 417/822/270 420/816/265 515/815/264
f 447/823/270 416/824/271 419/818/266 449/817/265
f 536/825/272 415/826/273 418/820/268 537/819/267
f 513/827/274 414/828/275 417/822/270 514/821/269
f 445/829/276 413/830/277 416/824/271 447/823/270
f 535/831/278 412/832/279 415/833/273 536/834/272
f 512/835/280 411/836/281 414/837/275 513/838/274
f 443/839/282 410/840/283 413/841/277 445/842/276
f 534/843/284 409/844/285 412/832/279 535/831/278
f 511/845/286 408/846/287 411/836/281 512/835/280
f 441/847/288 407/848/289 410/840/283 443/839/282
f 533/849/290 406/850/291 409/851/285 534/852/284
f 510/853/292 405/854/293 408/855/287 511/856/286
f 439/857/293 404/858/294 407/859/289 441/860/288
f 544/768/232 401/767/231 406/850/291 533/849/290
f 509/772/236 402/771/235 405/854/293 510/853/292
f 438/776/235 403/775/238 404/858/294 439/857/293
f 402/771/235 437/861/238 440/862/294 405/854/293
f 485/863/295 438/776/235 439/857/293 486/864/296
f 405/854/293 440/862/294 442/865/289 408/855/287
f 486/864/296 439/857/293 441/860/288 487/866/297
f 408/846/287 442/867/289 444/868/283 411/836/281
f 487/869/297 441/847/288 443/839/282 488/870/298
f 411/836/281 444/868/283 446/871/277 414/837/275
f 488/870/298 443/839/282 445/842/276 489/872/299
f 414/828/275 446/873/277 448/874/271 417/822/270
f 489/875/299 445/829/276 447/823/270 490/876/300
f 417/822/270 448/874/271 450/877/266 420/816/265
f 490/876/300 447/823/270 449/817/265 491/878/301
f 420/816/265 450/877/266 452/879/261 423/806/260
f 491/878/301 449/817/265 451/809/260 492/880/302
f 423/806/260 452/879/261 454/881/256 426/807/254
f 492/880/302 451/809/260 453/812/255 493/882/303
f 426/798/254 454/883/256 456/884/250 429/788/248
f 493/885/303 453/799/255 455/791/249 494/886/304
f 429/788/248 456/884/250 458/887/244 432/789/242
f 494/886/304 455/791/249 457/794/243 495/888/305
f 432/780/242 458/889/244 460/890/237 435/770/234
f 495/891/305 457/781/243 459/773/234 496/892/306
f 435/770/234 460/890/237 437/861/238 402/771/235
f 496/892/306 459/773/234 438/776/235 485/863/295
f 483/893/307 472/580/146 461/547/121 484/894/308
f 482/895/309 471/579/142 472/580/146 483/893/307
f 481/896/310 470/572/140 471/574/142 482/897/309
f 480/898/311 469/569/138 470/572/140 481/896/310
f 479/899/312 468/566/136 469/568/138 480/900/311
f 478/901/313 467/564/134 468/566/136 479/899/312
f 477/902/314 466/562/132 467/564/134 478/901/313
f 476/903/315 465/559/130 466/562/132 477/902/314
f 475/904/316 464/556/128 465/558/130 476/905/315
f 474/906/317 463/553/126 464/556/128 475/904/316
f 473/907/318 462/550/124 463/552/126 474/908/317
f 484/894/308 461/547/121 462/550/124 473/907/318
f 403/775/238 484/894/308 473/907/318 404/858/294
f 404/858/294 473/907/318 474/908/317 407/859/289
f 407/848/289 474/906/317 475/904/316 410/840/283
f 410/840/283 475/904/316 476/905/315 413/841/277
f 413/830/277 476/903/315 477/902/314 416/824/271
f 416/824/271 477/902/314 478/901/313 419/818/266
f 419/818/266 478/901/313 479/899/312 422/810/261
f 422/810/261 479/899/312 480/900/311 425/811/256
f 425/800/256 480/898/311 481/896/310 428/792/250
f 428/792/250 481/896/310 482/897/309 431/793/244
f 431/782/244 482/895/309 483/893/307 434/774/237
f 434/774/237 483/893/307 484/894/308 403/775/238
f 507/909/319 496/892/306 485/863/295 508/910/320
f 506/911/321 495/891/305 496/892/306 507/909/319
f 505/912/322 494/886/304 495/888/305 506/913/321
f 504/914/323 493/885/303 494/886/304 505/912/322
f 503/915/324 492/880/302 493/882/303 504/916/323
f 502/917/325 491/878/301 492/880/302 503/915/324
f 501/918/326 490/876/300 491/878/301 502/917/325
f 500/919/327 489/875/299 490/876/300 501/918/326
f 499/920/328 488/870/298 489/872/299 500/921/327
f 498/922/329 487/869/297 488/870/298 499/920/328
f 497/923/330 486/864/296 487/866/297 498/924/329
f 508/910/320 485/863/295 486/864/296 497/923/330
f 437/861/238 508/910/320 497/923/330 440/862/294
f 440/862/294 497/923/330 498/924/329 442/865/289
f 442/867/289 498/922/329 499/920/328 444/868/283
f 444/868/283 499/920/328 500/921/327 446/871/277
f 446/873/277 500/919/327 501/918/326 448/874/271
f 448/874/271 501/918/326 502/917/325 450/877/266
f 450/877/266 502/917/325 503/915/324 452/879/261
f 452/879/261 503/915/324 504/916/323 454/881/256
f 454/883/256 504/914/323 505/912/322 456/884/250
f 456/884/250 505/912/322 506/913/321 458/887/244
f 458/889/244 506/911/321 507/909/319 460/890/237
f 460/890/237 507/909/319 508/910/320 437/861/238
f 532/925/331 509/772/236 510/853/292 521/926/332
f 521/926/332 510/853/292 511/856/286 522/927/333
f 522/928/333 511/845/286 512/835/280 523/929/334
f 523/929/334 512/835/280 513/838/274 524/930/335
f 524/931/335 513/827/274 514/821/269 525/932/336
f 525/932/336 514/821/269 515/815/264 526/933/337
f 526/933/337 515/815/264 516/805/259 527/934/338
f 527/934/338 516/805/259 517/808/253 528/935/339
f 528/936/339 517/797/253 518/787/247 529/937/340
f 529/937/340 518/787/247 519/790/241 530/938/341
f 530/939/341 519/779/241 520/769/233 531/940/342
f 531/940/342 520/769/233 509/772/236 532/925/331
f 436/766/230 531/940/342 532/925/331 401/767/231
f 433/778/240 530/939/341 531/940/342 436/766/230
f 430/784/246 529/937/340 530/938/341 433/785/240
f 427/796/252 528/936/339 529/937/340 430/784/246
f 424/802/258 527/934/338 528/935/339 427/803/252
f 421/814/263 526/933/337 527/934/338 424/802/258
f 418/820/268 525/932/336 526/933/337 421/814/263
f 415/826/273 524/931/335 525/932/336 418/820/268
f 412/832/279 523/929/334 524/930/335 415/833/273
f 409/844/285 522/928/333 523/929/334 412/832/279
f 406/850/291 521/926/332 522/927/333 409/851/285
f 401/767/231 532/925/331 521/926/332 406/850/291
f 568/941/343 544/768/232 533/849/290 545/942/344
f 545/942/344 533/849/290 534/852/284 547/943/345
f 547/944/345 534/843/284 535/831/278 549/945/346
f 549/945/346 535/831/278 536/834/272 551/946/347
f 551/947/347 536/825/272 537/819/267 553/948/348
f 553/948/348 537/819/267 538/813/262 555/949/349
f 555/949/349 538/813/262 539/801/257 557/950/350
f 557/950/350 539/801/257 540/804/251 559/951/351
f 559/952/351 540/795/251 541/783/245 561/953/352
f 561/953/352 541/783/245 542/786/239 563/954/353
f 563/955/353 542/777/239 543/765/229 565/956/354
f 565/956/354 543/765/229 544/768/232 568/941/343
f 319/601/161 566/957/355 567/958/356 297/602/162
f 589/959/357 565/956/354 568/941/343 592/960/358
f 317/961/169 564/962/359 566/957/355 319/601/161
f 587/963/360 563/955/353 565/956/354 589/959/357
f 315/964/171 562/965/361 564/966/359 317/967/169
f 585/968/362 561/953/352 563/954/353 587/969/360
f 313/970/148 560/971/363 562/965/361 315/964/171
f 583/972/364 559/952/351 561/953/352 585/968/362
f 311/590/147 558/973/365 560/974/363 313/975/148
f 581/976/366 557/950/350 559/951/351 583/977/364
f 309/589/155 556/978/367 558/973/365 311/590/147
f 579/979/368 555/949/349 557/950/350 581/976/366
f 307/593/157 554/980/369 556/978/367 309/589/155
f 577/981/370 553/948/348 555/949/349 579/979/368
f 305/982/159 552/983/371 554/980/369 307/593/157
f 575/984/372 551/947/347 553/948/348 577/981/370
f 303/985/160 550/986/373 552/987/371 305/988/159
f 573/989/374 549/945/346 551/946/347 575/990/372
f 301/991/167 548/992/375 550/986/373 303/985/160
f 571/993/376 547/944/345 549/945/346 573/989/374
f 299/605/165 546/994/377 548/995/375 301/996/167
f 569/997/378 545/942/344 547/943/345 571/998/376
f 297/602/162 567/958/356 546/994/377 299/605/165
f 592/960/358 568/941/343 545/942/344 569/997/378
f 567/958/356 591/999/379 570/1000/380 546/994/377
f 591/999/379 592/960/358 569/997/378 570/1000/380
f 546/994/377 570/1000/380 572/1001/381 548/995/375
f 570/1000/380 569/997/378 571/998/376 572/1001/381
f 548/992/375 572/1002/381 574/1003/382 550/986/373
f 572/1002/381 571/993/376 573/989/374 574/1003/382
f 550/986/373 574/1003/382 576/1004/383 552/987/371
f 574/1003/382 573/989/374 575/990/372 576/1004/383
f 552/983/371 576/1005/383 578/1006/384 554/980/369
f 576/1005/383 575/984/372 577/981/370 578/1006/384
f 554/980/369 578/1006/384 580/1007/385 556/978/367
f 578/1006/384 577/981/370 579/979/368 580/1007/385
f 556/978/367 580/1007/385 582/1008/386 558/973/365
f 580/1007/385 579/979/368 581/976/366 582/1008/386
f 558/973/365 582/1008/386 584/1009/387 560/974/363
f 582/1008/386 581/976/366 583/977/364 584/1009/387
f 560/971/363 584/1010/387 586/1011/388 562/965/361
f 584/1010/387 583/972/364 585/968/362 586/1011/388
f 562/965/361 586/1011/388 588/1012/389 564/966/359
f 586/1011/388 585/968/362 587/969/360 588/1012/389
f 564/962/359 588/1013/389 590/1014/390 566/957/355
f 588/1013/389 587/963/360 589/959/357 590/1014/390
f 566/957/355 590/1014/390 591/999/379 567/958/356
f 590/1014/390 589/959/357 592/960/358 591/999/379
f 727/1015/391 707/1016/392 685/1017/393 735/1018/394
f 713/1019/395 693/1020/396 699/1021/397 721/1022/398
f 722/1023/399 721/1024/398 699/1025/397 701/1026/399 708/1027/399 707/1028/392 727/1029/391 729/1030/399
f 736/1031/400 735/1032/394 685/1033/393 687/1034/400 694/1035/400 693/1036/396 713/1037/395 715/1038/400
f 671/1039/401 728/1040/402 734/1041/403 658/1042/404
f 747/1043/405 748/1044/406 861/1045/407 867/1046/408
f 664/1047/409 714/1048/410 720/1049/411 679/1050/412
f 678/1051/413 680/1052/399 619/1053/414 597/1054/415 601/1055/416 623/1056/417 613/1057/418 621/1058/419 617/1059/420 611/1060/421 615/1061/422 599/1062/423 593/1063/424 595/1064/425 625/1065/426 605/1066/427 603/1067/428 607/1068/429 609/1069/430 673/1070/399 672/1071/431
f 671/1072/401 673/1070/399 609/1069/430 627/1073/432 631/1074/433 635/1075/434 641/1076/435 647/1077/436 649/1078/437 653/1079/438 655/1080/439 651/1081/440 645/1082/441 643/1083/442 639/1084/443 637/1085/444 633/1086/445 629/1087/446 619/1053/414 680/1052/399 679/1088/412 720/1089/411 722/1023/399 729/1030/399 728/1090/402
f 659/1091/400 658/1092/404 734/1093/403 736/1031/400 715/1038/400 714/1094/410 664/1095/409 666/1096/400 620/1097/447 630/1098/448 634/1099/449 638/1100/450 640/1101/451 644/1102/452 646/1103/453 652/1104/454 656/1105/455 654/1106/456 650/1107/457 648/1108/458 642/1109/459 636/1110/460 632/1111/461 628/1112/462 610/1113/463
f 600/1114/464 599/1115/423 615/1116/422 616/1117/465
f 626/1118/466 625/1119/426 595/1120/425 596/1121/467
f 596/1121/467 595/1120/425 593/1122/424 594/1123/468
f 652/1124/454 651/1125/440 655/1126/439 656/1127/455
f 612/1128/469 611/1129/421 617/1130/420 618/1131/470
f 616/1117/465 615/1116/422 611/1129/421 612/1128/469
f 622/1132/471 621/1133/419 613/1134/418 614/1135/472
f 620/1136/447 619/1137/414 629/1138/446 630/1139/448
f 628/1140/462 627/1141/432 609/1142/430 610/1143/463
f 644/1144/452 643/1145/442 645/1146/441 646/1147/453
f 610/1143/463 609/1142/430 607/1148/429 608/1149/473
f 630/1139/448 629/1138/446 633/1150/445 634/1151/449
f 614/1152/472 613/1153/418 623/1154/417 624/1155/474
f 636/1156/460 635/1157/434 631/1158/433 632/1159/461
f 624/1155/474 623/1154/417 601/1160/416 602/1161/475
f 606/1162/476 605/1163/427 625/1164/426 626/1165/466
f 638/1166/450 637/1167/444 639/1168/443 640/1169/451
f 646/1147/453 645/1146/441 651/1125/440 652/1124/454
f 604/1170/477 603/1171/428 605/1163/427 606/1162/476
f 642/1172/459 641/1173/435 635/1157/434 636/1156/460
f 650/1174/457 649/1175/437 647/1176/436 648/1177/458
f 598/1178/478 597/1179/415 619/1137/414 620/1136/447
f 618/1131/470 617/1130/420 621/1133/419 622/1132/471
f 656/1127/455 655/1126/439 653/1180/438 654/1181/456
f 594/1123/468 593/1122/424 599/1115/423 600/1114/464
f 632/1159/461 631/1158/433 627/1141/432 628/1140/462
f 665/1182/479 678/1183/413 672/1184/431 657/1185/480
f 634/1151/449 633/1150/445 637/1167/444 638/1166/450
f 654/1181/456 653/1180/438 649/1175/437 650/1174/457
f 602/1161/475 601/1160/416 597/1179/415 598/1178/478
f 608/1149/473 607/1148/429 603/1171/428 604/1170/477
f 875/1186/481 853/1187/482 750/1188/483 749/1189/484
f 640/1190/451 639/1191/443 643/1145/442 644/1144/452
f 648/1177/458 647/1176/436 641/1192/435 642/1193/459
f 657/1194/480 660/1195/485 659/1091/400
f 660/1195/485 661/1196/486 659/1091/400
f 661/1196/486 662/1197/487 659/1091/400
f 662/1197/487 663/1198/488 659/1091/400
f 663/1198/488 658/1092/404 659/1091/400
f 664/1095/409 667/1199/489 666/1096/400
f 667/1199/489 668/1200/490 666/1096/400
f 668/1200/490 669/1201/491 666/1096/400
f 669/1201/491 670/1202/492 666/1096/400
f 670/1202/492 665/1203/479 666/1096/400
f 671/1072/401 674/1204/493 673/1070/399
f 674/1204/493 675/1205/494 673/1070/399
f 675/1205/494 676/1206/495 673/1070/399
f 676/1206/495 677/1207/496 673/1070/399
f 677/1207/496 672/1071/431 673/1070/399
f 678/1051/413 681/1208/497 680/1052/399
f 681/1208/497 682/1209/498 680/1052/399
f 682/1209/498 683/1210/499 680/1052/399
f 683/1210/499 684/1211/500 680/1052/399
f 684/1211/500 679/1088/412 680/1052/399
f 685/1033/393 688/1212/501 687/1034/400
f 688/1212/501 689/1213/502 687/1034/400
f 689/1213/502 690/1214/503 687/1034/400
f 690/1214/503 691/1215/504 687/1034/400
f 691/1215/504 686/1216/505 687/1034/400
f 692/1217/506 695/1218/507 694/1035/400
f 695/1218/507 696/1219/508 694/1035/400
f 696/1219/508 697/1220/509 694/1035/400
f 697/1220/509 698/1221/510 694/1035/400
f 698/1221/510 693/1036/396 694/1035/400
f 699/1025/397 702/1222/511 701/1026/399
f 702/1222/511 703/1223/512 701/1026/399
f 703/1223/512 704/1224/513 701/1026/399
f 704/1224/513 705/1225/514 701/1026/399
f 705/1225/514 700/1226/515 701/1026/399
f 706/1227/516 709/1228/517 708/1027/399
f 709/1228/517 710/1229/518 708/1027/399
f 710/1229/518 711/1230/519 708/1027/399
f 711/1230/519 712/1231/520 708/1027/399
f 712/1231/520 707/1028/392 708/1027/399
f 713/1037/395 716/1232/521 715/1038/400
f 716/1232/521 717/1233/522 715/1038/400
f 717/1233/522 718/1234/523 715/1038/400
f 718/1234/523 719/1235/524 715/1038/400
f 719/1235/524 714/1094/410 715/1038/400
f 720/1089/411 723/1236/525 722/1023/399
f 723/1236/525 724/1237/526 722/1023/399
f 724/1237/526 725/1238/527 722/1023/399
f 725/1238/527 726/1239/528 722/1023/399
f 726/1239/528 721/1024/398 722/1023/399
f 727/1029/391 730/1240/529 729/1030/399
f 730/1240/529 731/1241/530 729/1030/399
f 731/1241/530 732/1242/531 729/1030/399
f 732/1242/531 733/1243/532 729/1030/399
f 733/1243/532 728/1090/402 729/1030/399
f 734/1093/403 737/1244/533 736/1031/400
f 737/1244/533 738/1245/534 736/1031/400
f 738/1245/534 739/1246/535 736/1031/400
f 739/1246/535 740/1247/536 736/1031/400
f 740/1247/536 735/1032/394 736/1031/400
f 678/1183/413 665/1182/479 670/1248/492 681/1249/497
f 681/1249/497 670/1248/492 669/1250/491 682/1251/498
f 682/1251/498 669/1250/491 668/1252/490 683/1253/499
f 683/1254/499 668/1255/490 667/1256/489 684/1257/500
f 684/1257/500 667/1256/489 664/1047/409 679/1050/412
f 657/1185/480 672/1184/431 677/1258/496 660/1259/485
f 660/1259/485 677/1258/496 676/1260/495 661/1261/486
f 661/1261/486 676/1260/495 675/1262/494 662/1263/487
f 662/1264/487 675/1265/494 674/1266/493 663/1267/488
f 663/1267/488 674/1266/493 671/1039/401 658/1042/404
f 706/1268/516 686/1269/505 691/1270/504 709/1271/517
f 709/1271/517 691/1270/504 690/1272/503 710/1273/518
f 710/1273/518 690/1272/503 689/1274/502 711/1275/519
f 711/1275/519 689/1274/502 688/1276/501 712/1277/520
f 712/1277/520 688/1276/501 685/1017/393 707/1016/392
f 692/1278/506 700/1279/515 705/1280/514 695/1281/507
f 695/1281/507 705/1280/514 704/1282/513 696/1283/508
f 696/1283/508 704/1282/513 703/1284/512 697/1285/509
f 697/1285/509 703/1284/512 702/1286/511 698/1287/510
f 698/1287/510 702/1286/511 699/1021/397 693/1020/396
f 713/1019/395 721/1022/398 726/1288/528 716/1289/521
f 716/1289/521 726/1288/528 725/1290/527 717/1291/522
f 717/1291/522 725/1290/527 724/1292/526 718/1293/523
f 718/1293/523 724/1292/526 723/1294/525 719/1295/524
f 719/1295/524 723/1294/525 720/1049/411 714/1048/410
f 727/1015/391 735/1018/394 740/1296/536 730/1297/529
f 730/1297/529 740/1296/536 739/1298/535 731/1299/530
f 731/1299/530 739/1298/535 738/1300/534 732/1301/531
f 732/1301/531 738/1300/534 737/1302/533 733/1303/532
f 733/1303/532 737/1302/533 734/1041/403 728/1040/402
f 610/1113/463 608/1304/473 604/1305/477 606/1306/476 626/1307/466 596/1308/467 594/1309/468 600/1310/464 616/1311/465 612/1312/469 618/1313/470 622/1314/471 614/1315/472 624/1316/474 602/1317/475 598/1318/478 620/1097/447 666/1096/400 665/1203/479 657/1194/480 659/1091/400
f 741/1319/537 742/1320/538 744/1321/539 743/1322/540
f 743/1322/540 744/1321/539 746/1323/541 745/1324/542
f 745/1324/542 746/1323/541 748/1044/406 747/1043/405
f 862/1325/543 861/1326/407 748/1327/406 794/1328/544 796/1329/545
f 750/1330/483 853/1331/482 856/1332/546 812/1333/547 814/1334/548
f 749/1189/484 750/1188/483 752/1335/549 751/1336/550
f 751/1336/550 752/1335/549 754/1337/551 753/1338/552
f 753/1338/552 754/1337/551 756/1339/553 755/1340/554
f 755/1340/554 756/1339/553 758/1341/555 757/1342/556
f 757/1342/556 758/1341/555 760/1343/557 759/1344/558
f 759/1344/558 760/1343/557 762/1345/559 761/1346/560
f 761/1346/560 762/1345/559 764/1347/561 763/1348/562
f 763/1349/562 764/1350/561 766/1351/563 765/1352/564
f 765/1352/564 766/1351/563 768/1353/565 767/1354/566
f 767/1354/566 768/1353/565 770/1355/567 769/1356/568
f 769/1356/568 770/1355/567 772/1357/569 771/1358/570
f 771/1358/570 772/1357/569 774/1359/571 773/1360/572
f 773/1360/572 774/1359/571 776/1361/573 775/1362/574
f 775/1362/574 776/1361/573 778/1363/575 777/1364/576
f 777/1364/576 778/1363/575 780/1365/577 779/1366/578
f 779/1367/578 780/1368/577 782/1369/579 781/1370/580
f 781/1370/580 782/1369/579 784/1371/581 783/1372/582
f 783/1372/582 784/1371/581 786/1373/583 785/1374/584
f 785/1374/584 786/1373/583 742/1320/538 741/1319/537
f 759/1375/558 761/1376/560 825/1377/585 823/1378/586
f 807/1379/587 808/1380/588 806/1381/589 805/1382/590
f 777/1383/576 779/1384/578 843/1385/591 841/1386/592
f 762/1387/559 760/1388/557 824/1389/593 826/1390/594
f 743/1391/540 745/1392/542 791/1393/595 788/1394/596
f 780/1395/577 778/1396/575 842/1397/597 844/1398/598
f 746/1399/541 744/1400/539 789/1401/599 792/1402/600
f 761/1376/560 763/1403/562 827/1404/601 825/1377/585
f 779/1384/578 781/1405/580 845/1406/602 843/1385/591
f 764/1407/561 762/1387/559 826/1390/594 828/1408/603
f 745/1392/542 747/1409/405 793/1410/604 791/1393/595
f 782/1411/579 780/1395/577 844/1398/598 846/1412/605
f 748/1327/406 746/1399/541 792/1402/600 794/1328/544
f 763/1403/562 765/1413/564 829/1414/606 827/1404/601
f 781/1405/580 783/1415/582 847/1416/607 845/1406/602
f 766/1417/563 764/1407/561 828/1408/603 830/1418/608
f 795/1419/609 870/1420/610 869/1421/611 852/1422/612 803/1423/613 801/1424/614 799/1425/615 797/1426/616
f 784/1427/581 782/1411/579 846/1412/605 848/1428/617
f 805/1429/590 803/1423/613 852/1422/612 877/1430/618 876/1431/619 811/1432/620 809/1433/621 807/1434/587
f 798/1435/622 800/1436/623 802/1437/624 804/1438/625 851/1439/626 863/1440/627 862/1325/543 796/1329/545
f 765/1413/564 767/1441/566 831/1442/628 829/1414/606
f 851/1439/626 804/1438/625 806/1443/589 808/1444/588 810/1445/629 812/1333/547 856/1332/546 855/1446/630
f 783/1415/582 785/1447/584 849/1448/631 847/1416/607
f 768/1449/565 766/1417/563 830/1418/608 832/1450/632
f 786/1451/583 784/1427/581 848/1428/617 850/1452/633
f 749/1453/484 751/1454/550 815/1455/634 813/1456/635
f 767/1441/566 769/1457/568 833/1458/636 831/1442/628
f 752/1459/549 750/1330/483 814/1334/548 816/1460/637
f 785/1447/584 741/1461/537 787/1462/638 849/1448/631
f 770/1463/567 768/1449/565 832/1450/632 834/1464/639
f 742/1465/538 786/1451/583 850/1452/633 790/1466/640
f 751/1454/550 753/1467/552 817/1468/641 815/1455/634
f 769/1457/568 771/1469/570 835/1470/642 833/1458/636
f 754/1471/551 752/1459/549 816/1460/637 818/1472/643
f 772/1473/569 770/1463/567 834/1464/639 836/1474/644
f 753/1467/552 755/1475/554 819/1476/645 817/1468/641
f 771/1469/570 773/1477/572 837/1478/646 835/1470/642
f 756/1479/553 754/1471/551 818/1472/643 820/1480/647
f 774/1481/571 772/1473/569 836/1474/644 838/1482/648
f 755/1475/554 757/1483/556 821/1484/649 819/1476/645
f 773/1477/572 775/1485/574 839/1486/650 837/1478/646
f 758/1487/555 756/1479/553 820/1480/647 822/1488/651
f 776/1489/573 774/1481/571 838/1482/648 840/1490/652
f 757/1483/556 759/1375/558 823/1378/586 821/1484/649
f 741/1461/537 743/1391/540 788/1394/596 787/1462/638
f 775/1485/574 777/1383/576 841/1386/592 839/1486/650
f 760/1388/557 758/1487/555 822/1488/651 824/1389/593
f 744/1400/539 742/1465/538 790/1466/640 789/1401/599
f 778/1396/575 776/1489/573 840/1490/652 842/1397/597
f 805/1382/590 806/1381/589 804/1491/625 803/1492/613
f 811/1493/620 812/1494/547 810/1495/629 809/1496/621
f 809/1496/621 810/1495/629 808/1380/588 807/1379/587
f 813/1497/635 814/1498/548 812/1499/547 811/1500/620
f 815/1501/634 816/1502/637 814/1498/548 813/1497/635
f 819/1503/645 820/1504/647 818/1505/643 817/1506/641
f 817/1506/641 818/1505/643 816/1502/637 815/1501/634
f 823/1507/586 824/1508/593 822/1509/651 821/1510/649
f 821/1510/649 822/1509/651 820/1504/647 819/1503/645
f 827/1511/601 828/1512/603 826/1513/594 825/1514/585
f 825/1514/585 826/1513/594 824/1508/593 823/1507/586
f 831/1515/628 832/1516/632 830/1517/608 829/1518/606
f 829/1518/606 830/1517/608 828/1519/603 827/1520/601
f 835/1521/642 836/1522/644 834/1523/639 833/1524/636
f 833/1524/636 834/1523/639 832/1516/632 831/1515/628
f 839/1525/650 840/1526/652 838/1527/648 837/1528/646
f 837/1528/646 838/1527/648 836/1522/644 835/1521/642
f 841/1529/592 842/1530/597 840/1526/652 839/1525/650
f 791/1531/595 792/1532/600 789/1533/599 788/1534/596
f 843/1535/591 844/1536/598 842/1530/597 841/1529/592
f 788/1534/596 789/1533/599 790/1537/640 787/1538/638
f 847/1539/607 848/1540/617 846/1541/605 845/1542/602
f 793/1543/604 794/1544/544 792/1532/600 791/1531/595
f 845/1542/602 846/1541/605 844/1545/598 843/1546/591
f 795/1547/609 796/1548/545 794/1544/544 793/1543/604
f 787/1538/638 790/1537/640 850/1549/633 849/1550/631
f 799/1551/615 800/1552/623 798/1553/622 797/1554/616
f 849/1550/631 850/1549/633 848/1540/617 847/1539/607
f 797/1554/616 798/1553/622 796/1555/545 795/1556/609
f 803/1492/613 804/1491/625 802/1557/624 801/1558/614
f 801/1558/614 802/1557/624 800/1552/623 799/1551/615
f 701/1026/399 700/1226/515 860/1559/653 863/1440/627 851/1439/626
f 747/1409/405 867/1560/408 870/1420/610 795/1419/609 793/1410/604
f 692/1217/506 694/1035/400 852/1422/612 869/1421/611 868/1561/654
f 687/1034/400 686/1216/505 874/1562/655 877/1430/618 852/1422/612
f 706/1268/516 854/1563/656 874/1564/655 686/1269/505
f 692/1278/506 868/1565/654 860/1566/653 700/1279/515
f 708/1027/399 701/1026/399 851/1439/626
f 694/1035/400 687/1034/400 852/1422/612
f 876/1431/619 875/1567/481 749/1453/484 813/1456/635 811/1432/620
f 853/1331/482 857/1568/657 858/1569/658 859/1570/659 854/1571/656 855/1446/630 856/1332/546
f 860/1559/653 864/1572/660 865/1573/661 866/1574/662 861/1326/407 862/1325/543 863/1440/627
f 867/1560/408 871/1575/663 872/1576/664 873/1577/665 868/1561/654 869/1421/611 870/1420/610
f 874/1562/655 878/1578/666 879/1579/667 880/1580/668 875/1567/481 876/1431/619 877/1430/618
f 867/1046/408 861/1045/407 866/1581/662 871/1582/663
f 871/1582/663 866/1581/662 865/1583/661 872/1584/664
f 872/1584/664 865/1583/661 864/1585/660 873/1586/665
f 873/1586/665 864/1585/660 860/1566/653 868/1565/654
f 853/1187/482 875/1186/481 880/1587/668 857/1588/657
f 857/1588/657 880/1587/668 879/1589/667 858/1590/658
f 858/1590/658 879/1589/667 878/1591/666 859/1592/659
f 859/1592/659 878/1591/666 874/1564/655 854/1563/656
f 855/1446/630 854/1571/656 706/1227/516 708/1027/399 851/1439/626
